time_bucket,level,event_type,N,mean_forward_atr,replicated
MIDDAY,SESSION_OPEN,APPROACH,14,2.142548652597437,False
MIDDAY,PRIOR_RTH_CLOSE,APPROACH,44,0.5250318632198366,False
MIDDAY,ONL,BREAK_FAILURE,162,0.4884695972828369,False
MIDDAY,ONL,BREAK_HOLD,240,0.47475753559864275,False
MIDDAY,ONL,SWEEP,1180,0.44680947769762813,True
MIDDAY,ORL,APPROACH,144,0.38282793915607294,False
MIDDAY,ONL,BREAK,666,0.37424514276721216,True
MIDDAY,SESSION_OPEN,TOUCH,450,0.35060958090264427,False
MIDDAY,ORH,BREAK_FAILURE,254,0.28647796899621547,False
MIDDAY,ORH,BREAK_HOLD,426,0.256933218849231,False
MIDDAY,PRIOR_RTH_CLOSE,BREAK_FAILURE,96,0.20576505187680977,False
MIDDAY,PRIOR_RTH_CLOSE,TOUCH,506,0.20411106497209525,False
MIDDAY,ORL,SWEEP,1760,0.1990353218097512,True
MIDDAY,ONH,BREAK_FAILURE,176,0.19295979075643127,False
MIDDAY,PDL,BREAK_HOLD,152,0.1884099222909757,False
MIDDAY,ORL,TOUCH,698,0.15556025061025028,False
MIDDAY,PDH,APPROACH,106,0.1546633821789229,False
MIDDAY,ONL,TOUCH,496,0.152965778429388,False
MIDDAY,ONH,BREAK_HOLD,330,0.13781249060749284,False
MIDDAY,ORH,SWEEP,1830,0.0974786312086774,False
MIDDAY,PDL,SWEEP,846,0.09510792493239369,False
MIDDAY,ORL,BREAK_FAILURE,182,0.09347694006783672,False
MIDDAY,SESSION_OPEN,SWEEP,1206,0.08167389713507607,False
MIDDAY,PDH,BREAK_FAILURE,118,0.07936498551567177,False
MIDDAY,PDH,TOUCH,334,0.05408887781087298,False
MIDDAY,PDH,BREAK_HOLD,144,0.046618351862307825,False
MIDDAY,ONH,SWEEP,1300,0.029610446283833518,False
MIDDAY,PDL,TOUCH,358,0.005553262232612514,False
MIDDAY,PDL,BREAK,442,-0.011009433873519572,False
MIDDAY,ORH,APPROACH,160,-0.022519703530294238,False
MIDDAY,ORL,BREAK_HOLD,424,-0.027294917775555518,False
MIDDAY,ORH,TOUCH,730,-0.03090671106903476,False
MIDDAY,PDH,SWEEP,842,-0.04224929422764252,False
MIDDAY,PDL,BREAK_FAILURE,86,-0.04292440283167812,False
MIDDAY,ORL,BREAK,1018,-0.04539110931475863,False
MIDDAY,ORH,BREAK,1156,-0.04974943948837256,False
MIDDAY,ONH,TOUCH,542,-0.061131848447559055,False
MIDDAY,ONL,APPROACH,40,-0.08965881133714673,False
MIDDAY,PRIOR_RTH_CLOSE,SWEEP,1202,-0.11263681676018156,False
MIDDAY,ONH,BREAK,822,-0.1573412125039605,False
MIDDAY,PDL,APPROACH,130,-0.1629309541952848,False
MIDDAY,SESSION_OPEN,BREAK,736,-0.19312227791478048,False
MIDDAY,PDH,BREAK,534,-0.2951073303467362,False
MIDDAY,PRIOR_RTH_CLOSE,BREAK_HOLD,182,-0.29847761355988267,False
MIDDAY,SESSION_OPEN,BREAK_HOLD,168,-0.35262591007013777,False
MIDDAY,PRIOR_RTH_CLOSE,BREAK,680,-0.42972987567592985,False
MIDDAY,SESSION_OPEN,BREAK_FAILURE,122,-0.5632539124060993,False
MIDDAY,ONH,APPROACH,22,-0.8515620165493804,False
OTHER,ONH,BREAK_HOLD,54,1.0960467282785367,False
OTHER,ONH,APPROACH,4,0.9498672991437781,False
OTHER,ORL,BREAK_FAILURE,32,0.9160113936374078,False
OTHER,ONL,BREAK_FAILURE,34,0.6230431516325925,False
OTHER,ORH,BREAK_FAILURE,38,0.6211706159567443,False
OTHER,PRIOR_RTH_CLOSE,APPROACH,8,0.5978643982627605,False
OTHER,ONH,TOUCH,70,0.5899959645325458,False
OTHER,ONL,BREAK,130,0.5847621394494398,False
OTHER,PRIOR_RTH_CLOSE,BREAK_FAILURE,22,0.5617035789917773,False
OTHER,ONL,BREAK_HOLD,44,0.5372663034306677,False
OTHER,ONL,SWEEP,160,0.5037494865333535,False
OTHER,ONL,APPROACH,6,0.4532074073683405,False
OTHER,PDH,APPROACH,88,0.4327603161754084,False
OTHER,PDL,BREAK_FAILURE,44,0.4301040783600705,False
OTHER,ORL,BREAK,140,0.4159868108549046,False
OTHER,ORL,APPROACH,16,0.39893194209395444,False
OTHER,ORL,SWEEP,174,0.3717817439833023,False
OTHER,ONH,BREAK,124,0.3617820897519851,False
OTHER,ORH,BREAK_HOLD,52,0.339503178251141,False
OTHER,SESSION_OPEN,APPROACH,364,0.28716132800514427,False
OTHER,ORL,BREAK_HOLD,38,0.14953239871914475,False
OTHER,PRIOR_RTH_CLOSE,TOUCH,86,0.12618696653360742,False
OTHER,ONH,SWEEP,150,0.12528019625434794,False
OTHER,ONH,BREAK_FAILURE,22,0.12337573371388762,False
OTHER,PRIOR_RTH_CLOSE,SWEEP,138,0.10414653801655227,False
OTHER,PDH,BREAK_HOLD,188,0.10127667055473033,False
OTHER,PDH,BREAK,272,0.05345007730349681,False
OTHER,SESSION_OPEN,TOUCH,878,0.05291706787529797,False
OTHER,SESSION_OPEN,SWEEP,1002,0.040461322854310214,False
OTHER,PDL,SWEEP,236,0.038255825728657857,False
OTHER,SESSION_OPEN,BREAK,872,0.032311140993921,False
OTHER,ONL,TOUCH,80,0.02559754044653495,False
OTHER,PDH,TOUCH,204,0.014096641336605212,False
OTHER,ORH,APPROACH,16,-0.05988843055148245,False
OTHER,SESSION_OPEN,BREAK_HOLD,646,-0.09204113655059058,False
OTHER,PDL,TOUCH,164,-0.13522280183557167,False
OTHER,PDL,BREAK,212,-0.2016413653817978,False
OTHER,PDH,SWEEP,290,-0.21671027248224745,False
OTHER,ORH,SWEEP,212,-0.2297720994330441,False
OTHER,PDL,BREAK_HOLD,128,-0.271617490819822,False
OTHER,SESSION_OPEN,BREAK_FAILURE,118,-0.2863938857377051,False
OTHER,ORH,BREAK,176,-0.30931093968090684,False
OTHER,ORH,TOUCH,114,-0.31377771562914925,False
OTHER,PRIOR_RTH_CLOSE,BREAK_HOLD,26,-0.34808950336194744,False
OTHER,PRIOR_RTH_CLOSE,BREAK,86,-0.36097160621850144,False
OTHER,PDL,APPROACH,72,-0.5237126721008132,False
OTHER,ORL,TOUCH,80,-0.5325229597102109,False
OTHER,PDH,BREAK_FAILURE,26,-0.920102506915401,False
OVERNIGHT,ORL,BREAK_FAILURE,2,1.327478988698672,False
OVERNIGHT,ONH,BREAK_FAILURE,60,1.0110537296164968,False
OVERNIGHT,ORH,BREAK_HOLD,2,0.6757621595202674,False
OVERNIGHT,PDL,APPROACH,1046,0.18614617369926476,False
OVERNIGHT,PDH,BREAK_FAILURE,676,0.17633294152801793,True
OVERNIGHT,PDH,SWEEP,4338,0.15294541912250614,True
OVERNIGHT,PDL,TOUCH,1916,0.1248796129204458,False
OVERNIGHT,PDL,SWEEP,3170,0.10476757322597327,True
OVERNIGHT,ONH,TOUCH,11256,0.10157347428617702,True
OVERNIGHT,PDH,TOUCH,2680,0.0990164045709478,True
OVERNIGHT,ONL,BREAK_FAILURE,72,0.08582278665934412,False
OVERNIGHT,PDH,APPROACH,1494,0.08382644841887782,False
OVERNIGHT,PDL,BREAK,2062,0.07561817741199515,False
OVERNIGHT,PRIOR_RTH_CLOSE,APPROACH,2894,0.07022589741911608,True
OVERNIGHT,ONH,APPROACH,3526,0.061734889287729446,False
OVERNIGHT,PRIOR_RTH_CLOSE,BREAK_HOLD,2890,0.05229412882970552,False
OVERNIGHT,PRIOR_RTH_CLOSE,TOUCH,5472,0.044781241121626396,False
OVERNIGHT,SESSION_OPEN,SWEEP,13328,0.04089720347572825,False
OVERNIGHT,PDH,BREAK_HOLD,1564,0.03906211390464999,False
OVERNIGHT,PDH,BREAK,3290,0.013648671288093476,False
OVERNIGHT,PDL,BREAK_FAILURE,384,0.003352851566064189,False
OVERNIGHT,PRIOR_RTH_CLOSE,SWEEP,9402,-0.003426672672000021,False
OVERNIGHT,SESSION_OPEN,BREAK_HOLD,4246,-0.005369050137860707,False
OVERNIGHT,ONL,TOUCH,11304,-0.006750949372783911,False
OVERNIGHT,SESSION_OPEN,TOUCH,6998,-0.008627023626540642,False
OVERNIGHT,SESSION_OPEN,BREAK,9402,-0.028914723305604583,False
OVERNIGHT,PRIOR_RTH_CLOSE,BREAK_FAILURE,1538,-0.03566175578985642,False
OVERNIGHT,SESSION_OPEN,APPROACH,3736,-0.041634027094255774,False
OVERNIGHT,ONL,APPROACH,3392,-0.04720328888629715,False
OVERNIGHT,PRIOR_RTH_CLOSE,BREAK,6708,-0.07024902450954314,True
OVERNIGHT,PDL,BREAK_HOLD,1082,-0.07833044228629842,False
OVERNIGHT,SESSION_OPEN,BREAK_FAILURE,1896,-0.15901973254910462,False
OVERNIGHT,ONH,BREAK_HOLD,344,-0.2330793580135854,False
OVERNIGHT,ONH,BREAK,402,-0.3735657297436098,False
OVERNIGHT,ONL,BREAK,462,-0.46670560082580853,False
OVERNIGHT,ONL,BREAK_HOLD,392,-0.4894150267688343,False
PREMARKET,ONL,BREAK,18,2.306260408718985,False
PREMARKET,ONL,BREAK_HOLD,18,2.191251360473273,False
PREMARKET,ONL,APPROACH,376,0.37588772793091546,False
PREMARKET,PDL,BREAK_FAILURE,346,0.20137763718403967,False
PREMARKET,ONH,APPROACH,400,0.1809016527403255,False
PREMARKET,PRIOR_RTH_CLOSE,BREAK_FAILURE,522,0.14416480966892598,False
PREMARKET,PRIOR_RTH_CLOSE,TOUCH,2448,0.12771032861217474,True
PREMARKET,ONL,TOUCH,6046,0.08052650946396296,True
PREMARKET,PRIOR_RTH_CLOSE,SWEEP,5514,0.07463092060894203,False
PREMARKET,ONH,BREAK_HOLD,38,0.02551655993228253,False
PREMARKET,SESSION_OPEN,SWEEP,5604,0.012265039120930589,False
PREMARKET,ONH,TOUCH,6944,0.005102426574857704,False
PREMARKET,PDL,TOUCH,1344,-0.02226294945312848,False
PREMARKET,PDL,BREAK_HOLD,618,-0.03388939086561074,False
PREMARKET,PDH,TOUCH,1782,-0.04697632067381164,False
PREMARKET,SESSION_OPEN,BREAK_HOLD,706,-0.05347180335938363,False
PREMARKET,PDL,SWEEP,2798,-0.05996603358254463,False
PREMARKET,SESSION_OPEN,TOUCH,2400,-0.07255346929761955,False
PREMARKET,PDH,BREAK_FAILURE,422,-0.0907424251755804,False
PREMARKET,PRIOR_RTH_CLOSE,BREAK_HOLD,1004,-0.09913827551656684,False
PREMARKET,PRIOR_RTH_CLOSE,APPROACH,434,-0.12019633830895946,False
PREMARKET,PDL,BREAK,1630,-0.12168637263714772,False
PREMARKET,PDH,SWEEP,3674,-0.13158486015921517,False
PREMARKET,PDH,BREAK_HOLD,816,-0.14193849587689544,False
PREMARKET,ONH,BREAK,52,-0.1441595733921378,False
PREMARKET,SESSION_OPEN,BREAK,3182,-0.1654913182932296,False
PREMARKET,PRIOR_RTH_CLOSE,BREAK,3272,-0.17169488998782922,False
PREMARKET,PDH,BREAK,2280,-0.18443891247711008,False
PREMARKET,PDH,APPROACH,532,-0.1845031237502623,False
PREMARKET,PDL,APPROACH,452,-0.2192208899344396,False
PREMARKET,SESSION_OPEN,BREAK_FAILURE,534,-0.3160646275842119,False
PREMARKET,SESSION_OPEN,APPROACH,234,-0.5095650559657281,False
PREMARKET,ONH,BREAK_FAILURE,16,-0.860803124135091,False
RTH_AFTERNOON,SESSION_OPEN,APPROACH,14,1.2511373998043767,False
RTH_AFTERNOON,PDH,APPROACH,92,0.6687512564072415,False
RTH_AFTERNOON,ORH,BREAK_FAILURE,142,0.6190731198863799,False
RTH_AFTERNOON,PDL,APPROACH,74,0.6181765883224013,False
RTH_AFTERNOON,PDL,BREAK_FAILURE,74,0.5584126391862295,False
RTH_AFTERNOON,ONH,BREAK_FAILURE,118,0.5025306743691396,False
RTH_AFTERNOON,PDH,BREAK_HOLD,158,0.41624080560463056,False
RTH_AFTERNOON,PRIOR_RTH_CLOSE,APPROACH,42,0.3225307932269239,False
RTH_AFTERNOON,ORH,APPROACH,84,0.320472094984779,False
RTH_AFTERNOON,ORH,TOUCH,576,0.2609040950642442,False
RTH_AFTERNOON,PDH,SWEEP,662,0.24550364276259176,True
RTH_AFTERNOON,ONL,APPROACH,22,0.23323075634816076,False
RTH_AFTERNOON,ONH,TOUCH,326,0.20710597910551226,False
RTH_AFTERNOON,ONH,SWEEP,978,0.1915742373469559,True
RTH_AFTERNOON,ORL,APPROACH,88,0.18959813899169625,False
RTH_AFTERNOON,ONL,TOUCH,350,0.18104095628163042,False
RTH_AFTERNOON,ORH,SWEEP,1372,0.17363789774808186,True
RTH_AFTERNOON,ORL,SWEEP,1212,0.15723521934921394,False
RTH_AFTERNOON,ORL,TOUCH,450,0.15055404306497047,False
RTH_AFTERNOON,ONL,BREAK_HOLD,228,0.12488989006647458,False
RTH_AFTERNOON,PDL,TOUCH,272,0.11235309968512801,False
RTH_AFTERNOON,ORL,BREAK_FAILURE,166,0.10126943286245896,False
RTH_AFTERNOON,ONL,SWEEP,890,0.10068946478312621,False
RTH_AFTERNOON,SESSION_OPEN,SWEEP,870,0.09689775963054388,False
RTH_AFTERNOON,ORL,BREAK_HOLD,266,0.0809837215148087,False
RTH_AFTERNOON,PDL,BREAK_HOLD,106,0.06817074668547932,False
RTH_AFTERNOON,ONL,BREAK,522,0.06035306372452557,False
RTH_AFTERNOON,PDL,BREAK,378,0.035842581590096914,False
RTH_AFTERNOON,PDH,TOUCH,298,0.02302292388479647,False
RTH_AFTERNOON,ORL,BREAK,722,0.010863822411718497,False
RTH_AFTERNOON,SESSION_OPEN,BREAK_FAILURE,76,-0.004219310131198023,False
RTH_AFTERNOON,SESSION_OPEN,TOUCH,332,-0.004728127727639291,False
RTH_AFTERNOON,ONH,APPROACH,10,-0.005480046473821658,False
RTH_AFTERNOON,PRIOR_RTH_CLOSE,BREAK,594,-0.019180690513208414,False
RTH_AFTERNOON,ORH,BREAK,854,-0.03183050436900262,False
RTH_AFTERNOON,PDH,BREAK,466,-0.04401242748936049,False
RTH_AFTERNOON,PDH,BREAK_FAILURE,94,-0.07067658251659956,False
RTH_AFTERNOON,ONH,BREAK,644,-0.09169004869663311,False
RTH_AFTERNOON,ORH,BREAK_HOLD,304,-0.09785693998842222,False
RTH_AFTERNOON,ONL,BREAK_FAILURE,104,-0.0999346640844569,False
RTH_AFTERNOON,PDL,SWEEP,626,-0.10584060105003952,False
RTH_AFTERNOON,PRIOR_RTH_CLOSE,TOUCH,366,-0.15124939647555607,False
RTH_AFTERNOON,PRIOR_RTH_CLOSE,SWEEP,910,-0.15847910287529793,False
RTH_AFTERNOON,SESSION_OPEN,BREAK,602,-0.26941349022123284,False
RTH_AFTERNOON,ONH,BREAK_HOLD,240,-0.30446639224898636,False
RTH_AFTERNOON,SESSION_OPEN,BREAK_HOLD,122,-0.4250580076739106,False
RTH_AFTERNOON,PRIOR_RTH_CLOSE,BREAK_HOLD,192,-0.42679562990139513,False
RTH_AFTERNOON,PRIOR_RTH_CLOSE,BREAK_FAILURE,88,-0.6493132895726917,False
RTH_MID_MORNING,ONL,BREAK_FAILURE,136,0.30799709921859647,False
RTH_MID_MORNING,SESSION_OPEN,BREAK_FAILURE,72,0.2693956055392488,False
RTH_MID_MORNING,PRIOR_RTH_CLOSE,BREAK_FAILURE,84,0.24490588363565274,False
RTH_MID_MORNING,PDL,BREAK_FAILURE,66,0.23916725002031805,False
RTH_MID_MORNING,PDL,TOUCH,278,0.2143600906476378,False
RTH_MID_MORNING,ORH,APPROACH,360,0.194744878662861,False
RTH_MID_MORNING,ONH,TOUCH,422,0.14684024165786433,False
RTH_MID_MORNING,ORL,BREAK_HOLD,746,0.09479293168585816,False
RTH_MID_MORNING,ORH,TOUCH,776,0.09457460724888148,False
RTH_MID_MORNING,PDH,BREAK_HOLD,132,0.08303220296892341,False
RTH_MID_MORNING,SESSION_OPEN,TOUCH,424,0.060284246828045715,False
RTH_MID_MORNING,ONH,SWEEP,1060,0.048874362780648196,False
RTH_MID_MORNING,PDH,BREAK_FAILURE,96,0.04878686633898087,False
RTH_MID_MORNING,PRIOR_RTH_CLOSE,TOUCH,412,0.03990540793302132,False
RTH_MID_MORNING,PRIOR_RTH_CLOSE,SWEEP,984,0.03850413299198066,False
RTH_MID_MORNING,ORL,BREAK,1216,0.03821025921538864,True
RTH_MID_MORNING,ORH,BREAK_HOLD,866,0.028712170687506988,False
RTH_MID_MORNING,ONH,BREAK_FAILURE,196,0.013852517898062888,False
RTH_MID_MORNING,PRIOR_RTH_CLOSE,BREAK_HOLD,164,0.009045251914764277,False
RTH_MID_MORNING,ORH,BREAK,1386,0.00543925610313603,False
RTH_MID_MORNING,PDL,SWEEP,662,-0.004783528252903566,False
RTH_MID_MORNING,ORL,BREAK_FAILURE,334,-0.005479110424452109,False
RTH_MID_MORNING,ORH,SWEEP,2008,-0.0116516028929184,False
RTH_MID_MORNING,SESSION_OPEN,SWEEP,982,-0.016823744352818335,False
RTH_MID_MORNING,PDH,BREAK,482,-0.021945656900689496,False
RTH_MID_MORNING,PDL,BREAK_HOLD,158,-0.022473476271467424,False
RTH_MID_MORNING,PDH,SWEEP,682,-0.027782494526638668,False
RTH_MID_MORNING,ONL,SWEEP,998,-0.0408474140599297,False
RTH_MID_MORNING,ONL,BREAK,558,-0.049189061684442564,False
RTH_MID_MORNING,ORL,APPROACH,360,-0.055792093615679175,False
RTH_MID_MORNING,PRIOR_RTH_CLOSE,BREAK,598,-0.06540789481380216,False
RTH_MID_MORNING,ORL,TOUCH,770,-0.0751857771490229,False
RTH_MID_MORNING,ONL,TOUCH,390,-0.0761960625314165,False
RTH_MID_MORNING,ORL,SWEEP,1866,-0.07859886623011977,False
RTH_MID_MORNING,PDL,BREAK,392,-0.09802666301372717,False
RTH_MID_MORNING,PDH,TOUCH,308,-0.11046844617251836,False
RTH_MID_MORNING,ORH,BREAK_FAILURE,350,-0.11072208735475861,False
RTH_MID_MORNING,ONH,BREAK,738,-0.11387690282300589,False
RTH_MID_MORNING,PDH,APPROACH,98,-0.12339112895412283,False
RTH_MID_MORNING,PDL,APPROACH,132,-0.12747830860729223,False
RTH_MID_MORNING,ONH,BREAK_HOLD,354,-0.14687707758958563,False
RTH_MID_MORNING,ONL,BREAK_HOLD,274,-0.16751843937839112,False
RTH_MID_MORNING,PRIOR_RTH_CLOSE,APPROACH,64,-0.21402250442683063,False
RTH_MID_MORNING,SESSION_OPEN,APPROACH,28,-0.3016853230547474,False
RTH_MID_MORNING,SESSION_OPEN,BREAK,578,-0.41203651565500365,False
RTH_MID_MORNING,SESSION_OPEN,BREAK_HOLD,148,-0.4166517465144247,False
RTH_MID_MORNING,ONL,APPROACH,44,-0.44004830583291443,False
RTH_MID_MORNING,ONH,APPROACH,32,-1.5149482282331548,False
RTH_OPEN,PDH,BREAK_FAILURE,80,0.5377144515461868,False
RTH_OPEN,ONH,BREAK_FAILURE,252,0.3751456854808939,False
RTH_OPEN,ONH,TOUCH,666,0.3363148926514524,True
RTH_OPEN,PDL,TOUCH,332,0.33411007987508884,False
RTH_OPEN,PDL,APPROACH,180,0.32737672756115616,False
RTH_OPEN,ORH,BREAK_FAILURE,440,0.20190499451262198,False
RTH_OPEN,ONH,BREAK,1188,0.19969425473565297,True
RTH_OPEN,ONH,SWEEP,1790,0.19365578368135467,True
RTH_OPEN,ORH,SWEEP,2306,0.1658988611422155,True
RTH_OPEN,ORL,BREAK_HOLD,946,0.16106563977761074,False
RTH_OPEN,PDH,BREAK,484,0.14594795706141322,False
RTH_OPEN,PDL,BREAK,420,0.14570227868966637,False
RTH_OPEN,ONH,APPROACH,66,0.1204304138157912,False
RTH_OPEN,ONH,BREAK_HOLD,800,0.09656598739531955,False
RTH_OPEN,ONL,BREAK_HOLD,646,0.09352868769690019,False
RTH_OPEN,PDL,SWEEP,738,0.09063671967373628,False
RTH_OPEN,ORH,BREAK,1750,0.08156740945327683,True
RTH_OPEN,ONL,BREAK,1012,0.08029108452189995,True
RTH_OPEN,ORL,SWEEP,2044,0.0792007923982919,False
RTH_OPEN,ORL,BREAK,1520,0.0701752792653733,False
RTH_OPEN,ORH,BREAK_HOLD,1142,0.06517075342965954,False
RTH_OPEN,ORH,TOUCH,4900,0.06386237738213753,True
RTH_OPEN,ORH,APPROACH,3054,0.05273861283960428,True
RTH_OPEN,PDL,BREAK_FAILURE,94,0.045639153405372695,False
RTH_OPEN,PDH,SWEEP,724,0.03964019368986673,False
RTH_OPEN,PDL,BREAK_HOLD,164,0.03888968325171971,False
RTH_OPEN,PRIOR_RTH_CLOSE,TOUCH,462,0.03765359756464792,False
RTH_OPEN,ORL,TOUCH,4904,0.011596254733986141,False
RTH_OPEN,ONL,SWEEP,1588,0.008236083566151289,False
RTH_OPEN,ONL,BREAK_FAILURE,262,0.007894379939246363,False
RTH_OPEN,PRIOR_RTH_CLOSE,SWEEP,1062,0.003868708317615404,False
RTH_OPEN,PDH,APPROACH,168,0.0001415231051739928,False
RTH_OPEN,ORL,APPROACH,2818,-0.0393648591778904,False
RTH_OPEN,PDH,BREAK_HOLD,206,-0.05458913872580451,False
RTH_OPEN,ORL,BREAK_FAILURE,408,-0.05652209026764512,False
RTH_OPEN,PRIOR_RTH_CLOSE,BREAK_FAILURE,130,-0.05777468047152508,False
RTH_OPEN,PDH,TOUCH,352,-0.06761633527892666,False
RTH_OPEN,SESSION_OPEN,TOUCH,478,-0.07478152726675691,False
RTH_OPEN,SESSION_OPEN,APPROACH,34,-0.09437776604885144,False
RTH_OPEN,ONL,TOUCH,604,-0.09773111454143601,False
RTH_OPEN,SESSION_OPEN,BREAK,672,-0.14626146322007844,False
RTH_OPEN,SESSION_OPEN,SWEEP,1048,-0.16325353948230187,False
RTH_OPEN,SESSION_OPEN,BREAK_FAILURE,112,-0.19215212283934696,False
RTH_OPEN,PRIOR_RTH_CLOSE,BREAK,632,-0.2145241591639621,False
RTH_OPEN,PRIOR_RTH_CLOSE,BREAK_HOLD,190,-0.2852305421050453,False
RTH_OPEN,PRIOR_RTH_CLOSE,APPROACH,112,-0.36737499100675713,False
RTH_OPEN,SESSION_OPEN,BREAK_HOLD,156,-0.37684976716356927,False
RTH_OPEN,ONL,APPROACH,68,-0.4101936333219249,False
