event_definition,direction,strength_bucket,secondary_feature,secondary_bucket,horizon,N,mean_directional_ATR,median_directional_ATR,positive_rate,ordinary_bar_baseline_ATR,incremental_edge_ATR,mean_MFE_ATR,mean_MAE_ATR,median_MFE_ATR,median_MAE_ATR,session_control_effect,session_robust,same_sign_all_eras,raw_p,replication_classification,economic_effect_classification,era1_N,era1_effect,era2_N,era2_effect,era3_N,era3_effect
DISPLACEMENT_ALONE,ALL,0.50-0.75,volume_ratio24,Q1,1,23310,-0.024848689596122898,-0.031240222141636503,0.4603174603174603,-4.86839876787283e-05,-0.02480000560844417,0.41836969013179814,0.4458805653640634,0.31792370362254496,0.3524131499530649,-0.2356948562280705,False,True,1.0,NO_DIRECTIONAL_INFORMATION,NEGLIGIBLE,8404,-0.025369606020839135,7903,-0.02810522716231859,7003,-0.020548504244279436
DISPLACEMENT_ALONE,ALL,0.50-0.75,volume_ratio24,Q2,1,17953,-0.010040151608387742,-0.01366017132817602,0.4753523088063276,6.7505177922449045e-06,-0.010046902126179987,0.47748269130763543,0.4806035379786207,0.36639007547001584,0.38041104351855215,-0.10781599029253418,False,True,1.0,NO_DIRECTIONAL_INFORMATION,NEGLIGIBLE,5996,-0.01228270860320777,6422,-0.003459903821935538,5535,-0.015245567966771685
DISPLACEMENT_ALONE,ALL,0.50-0.75,volume_ratio24,Q3,1,13565,-0.008917670834120518,-0.011974691178428724,0.47335053446369335,7.133019903768521e-05,-0.008989001033158204,0.5225775686897102,0.5192206893305602,0.38904387370981464,0.4055756448231546,0.04677841832178393,False,True,1.0,NO_DIRECTIONAL_INFORMATION,NEGLIGIBLE,4717,-0.0070170602073959115,4902,-0.008333892268995525,3946,-0.011914848444992963
DISPLACEMENT_ALONE,ALL,0.50-0.75,volume_ratio24,Q4,1,8286,0.013547126623638828,0.0,0.48889693458846245,1.4832137911753713e-05,0.013532294485727073,0.7051370955130825,0.6828979768764699,0.5116562249000582,0.49434331954347216,0.0439120523999421,True,False,0.25239229577243744,NO_DIRECTIONAL_INFORMATION,NEGLIGIBLE,3202,-0.011492303393094143,2774,0.04328871989739164,2310,0.012539799858352548
DISPLACEMENT_ALONE,ALL,0.75-1.00,volume_ratio24,Q1,1,7622,-0.01740901871783939,-0.021132161944074794,0.4699553922854894,4.455557753523716e-05,-0.017453574295374627,0.4469729312369954,0.4650045866883399,0.346941280132584,0.37631756063513433,-0.26511243729169653,False,True,1.0,NO_DIRECTIONAL_INFORMATION,NEGLIGIBLE,2853,-0.021222072034437735,2535,-0.010271839341570953,2234,-0.02063825265095729
DISPLACEMENT_ALONE,ALL,0.75-1.00,volume_ratio24,Q2,1,9667,-0.014048033966076004,-0.02584789985096337,0.4706734250543085,5.293120418943817e-05,-0.014100965170265442,0.4919744934725547,0.4973642541652288,0.37924143877599525,0.4033727108076911,-0.11896247046285321,False,True,1.0,NO_DIRECTIONAL_INFORMATION,NEGLIGIBLE,3253,-0.01839987911501925,3467,-0.005993760716284969,2947,-0.018719772373783205
DISPLACEMENT_ALONE,ALL,0.75-1.00,volume_ratio24,Q3,1,9864,-0.013235785928418993,-0.03428941924876919,0.4700932684509327,2.0656573985312947e-05,-0.013256442502404306,0.5396644721221961,0.5386649238380006,0.4039870940523721,0.4246147060907774,-0.1513635600156629,False,True,1.0,NO_DIRECTIONAL_INFORMATION,NEGLIGIBLE,3335,-0.008425059899839325,3511,-0.00857675241386695,3018,-0.023971915144756113
DISPLACEMENT_ALONE,ALL,0.75-1.00,volume_ratio24,Q4,1,7099,0.0017953762018445688,0.0,0.4859839414001972,-1.079589873148934e-05,0.001806172100576058,0.7031811616244942,0.6884046299682098,0.5089002968097235,0.5055330922467368,-0.2131298200191144,False,False,0.876075281968519,NO_DIRECTIONAL_INFORMATION,NEGLIGIBLE,2582,-0.03374881541017847,2452,0.029809953770895972,2065,0.012973758062827353
DISPLACEMENT_ALONE,ALL,1.00-1.25,volume_ratio24,Q1,1,2080,-0.011720763107093373,-0.010028277038220994,0.4793269230769231,-9.996572172815384e-05,-0.01162079738536522,0.4742569375052027,0.4886088195766285,0.3756977725486549,0.38681232289505396,-0.178886354573263,False,False,1.0,NO_DIRECTIONAL_INFORMATION,NEGLIGIBLE,813,0.008399044775119003,671,-0.020009022361321443,596,-0.02983482661154242
DISPLACEMENT_ALONE,ALL,1.00-1.25,volume_ratio24,Q2,1,4110,-0.01333874975678262,-0.018485768068352455,0.4802919708029197,-4.2026287240488895e-05,-0.01329672346954213,0.5085561328802276,0.5244980818552359,0.39280829092979774,0.4281509264728116,-0.039773744757511095,False,True,1.0,NO_DIRECTIONAL_INFORMATION,NEGLIGIBLE,1403,-0.014199644716804386,1486,-0.0004830757558107423,1221,-0.02799533938539332
DISPLACEMENT_ALONE,ALL,1.00-1.25,volume_ratio24,Q3,1,5719,0.004714409746249194,0.0,0.4771813254065396,-0.00017020714604155338,0.004884616892290747,0.5646896114219733,0.5443659138041043,0.43457406770409013,0.4411343944147332,0.12135608219730887,True,False,0.6348765848711626,NO_DIRECTIONAL_INFORMATION,NEGLIGIBLE,1906,-0.003543086017823957,2079,0.010342416322730532,1734,0.00704322246471444
DISPLACEMENT_ALONE,ALL,1.00-1.25,volume_ratio24,Q4,1,5725,0.0012193295423285648,-0.022836550761528157,0.4754585152838428,-3.179986890533877e-05,0.0012511294112339036,0.7251564427537587,0.6998904200084658,0.5338945945475614,0.5157366788944192,0.10692583002099863,True,False,0.9278106073359368,NO_DIRECTIONAL_INFORMATION,NEGLIGIBLE,2017,-0.022506328785261966,2047,0.0049168468444372344,1661,0.025473293979013493
DISPLACEMENT_ALONE,ALL,1.25-1.50,volume_ratio24,Q1,1,468,0.0330470068477182,-0.005888846788739196,0.48504273504273504,-0.00015123824817652907,0.033198245095894724,0.5334933465091288,0.46709166978065825,0.4084139240924011,0.3985180659403512,-0.09272560430842311,False,False,0.31749942384896473,INSUFFICIENT_SAMPLE,NEGLIGIBLE,180,0.0786349829661021,145,0.047434241435663535,143,-0.038924914247115174
DISPLACEMENT_ALONE,ALL,1.25-1.50,volume_ratio24,Q2,1,1383,-0.023772867145964785,-0.052352098700725984,0.4374548083875633,-0.0003566594281457549,-0.02341620771781903,0.5316585473134537,0.533652355415955,0.4046944019049743,0.44953507761458017,-0.0258185497586168,False,False,1.0,NO_DIRECTIONAL_INFORMATION,NEGLIGIBLE,495,-0.04263912536433013,454,-0.044118039691851005,434,0.019027838277821386
DISPLACEMENT_ALONE,ALL,1.25-1.50,volume_ratio24,Q3,1,2777,0.01743444591322782,-0.01204561173059842,0.4796543032048974,-0.0003740256218104823,0.0178084715350383,0.586980210935291,0.5505142616353118,0.4487985701092244,0.44706890239243674,-0.14091593169326866,False,False,0.22412248630091075,NO_DIRECTIONAL_INFORMATION,NEGLIGIBLE,949,-0.005868399618375812,985,0.03399287924029326,843,0.024319788241024258
DISPLACEMENT_ALONE,ALL,1.25-1.50,volume_ratio24,Q4,1,4230,0.01921594306264733,-0.04362688158842158,0.4711583924349882,6.968320320288392e-06,0.019208974742327044,0.7652081156968951,0.7134985631929215,0.5506780134137477,0.5482889914473417,0.0034820718752474333,True,False,0.23145866061415943,NO_DIRECTIONAL_INFORMATION,NEGLIGIBLE,1512,0.021603679123962424,1492,-0.0022684847736022746,1226,0.042417011094438524
DISPLACEMENT_ALONE,ALL,>=1.50,volume_ratio24,Q1,1,216,0.06734337681965412,0.027677171800793588,0.5138888888888888,-0.0002267559227904151,0.06757013274244453,0.54965032312968,0.4685499675412243,0.4172845075576975,0.4117823277656819,0.548858261839235,True,True,0.1632686823129841,INSUFFICIENT_SAMPLE,SMALL,88,0.01017970107601533,57,0.0880948395598161,71,0.12153450483727359
DISPLACEMENT_ALONE,ALL,>=1.50,volume_ratio24,Q2,1,583,0.020596243344305116,-0.028758205805722113,0.4751286449399657,-0.0004335245021318027,0.02102976784643692,0.5740629355597013,0.573385170033487,0.42566422800379033,0.4808297681268097,-0.20204904927410763,False,False,0.5143895035281354,NO_DIRECTIONAL_INFORMATION,NEGLIGIBLE,190,0.08869738203489289,203,-0.04272186537251851,190,0.02014550501958679
DISPLACEMENT_ALONE,ALL,>=1.50,volume_ratio24,Q3,1,1771,-0.027492391029033107,-0.049009285871104036,0.45736871823828346,-0.0007391086373028193,-0.026753282391730287,0.6268070988022106,0.6243622051609777,0.455291136450829,0.5101076503046196,-0.26680301641290954,False,False,1.0,NO_DIRECTIONAL_INFORMATION,NEGLIGIBLE,598,-0.02843913416935077,610,-0.07534272229928034,563,0.025358149775160085
DISPLACEMENT_ALONE,ALL,>=1.50,volume_ratio24,Q4,1,8356,0.021403703266282895,-0.04378056436814176,0.4755864049784586,-0.0004529017817239739,0.021856605048006867,0.9405870048593998,0.8592035227500782,0.6786793599287873,0.6505040352117708,-0.1239461238252914,False,True,0.14468947074639676,NO_DIRECTIONAL_INFORMATION,NEGLIGIBLE,2947,0.014681411366715916,2991,0.03047584146149012,2418,0.01837468295452074
DISPLACEMENT_ALONE,ALL,0.50-0.75,volume_ratio24,Q1,3,23310,-0.02897450658266454,-0.03366249559486531,0.4765765765765766,-0.0005292240981319501,-0.02844528248453259,0.7513643337894327,0.7873128708675715,0.5717152614020546,0.6052457224773816,-0.23982067321461212,False,True,1.0,NO_DIRECTIONAL_INFORMATION,NEGLIGIBLE,8404,-0.03503558176331608,7903,-0.01613483700841826,7003,-0.03619064721197666
DISPLACEMENT_ALONE,ALL,0.50-0.75,volume_ratio24,Q2,3,17953,-0.008549689116918268,-0.009624746042964087,0.48638110622180136,-0.0003687510887328811,-0.008180938028185387,0.8680227488336829,0.8686432753117334,0.6584124463163866,0.6639920103963295,-0.1063255278010647,False,False,1.0,NO_DIRECTIONAL_INFORMATION,NEGLIGIBLE,5996,-0.013862446115875284,6422,0.014051378768292704,5535,-0.02901739769742026
DISPLACEMENT_ALONE,ALL,0.50-0.75,volume_ratio24,Q3,3,13565,-0.019303325825206937,-0.023193880124672748,0.48204939181717654,-0.00018180442604613832,-0.019121521399160797,0.9450936973786398,0.9596983465775664,0.7006783742032224,0.7135573778807658,0.036392763330697506,False,False,1.0,NO_DIRECTIONAL_INFORMATION,NEGLIGIBLE,4717,0.004923317622801342,4902,-0.031223427608232678,3946,-0.033455565613312074
DISPLACEMENT_ALONE,ALL,0.50-0.75,volume_ratio24,Q4,3,8286,0.003198235157903029,0.0,0.4908279024861212,-0.00034535623943497,0.003543591397337999,1.1972094848012012,1.1850117593510172,0.8674529224839034,0.856074717537523,0.033563160934206304,True,False,0.8680748701371814,NO_DIRECTIONAL_INFORMATION,NEGLIGIBLE,3202,0.0023564824833759803,2774,-0.007627138215988635,2310,0.017364848925440296
DISPLACEMENT_ALONE,ALL,0.75-1.00,volume_ratio24,Q1,3,7622,-0.034629237535827376,-0.010696579009706067,0.4863552873261611,-0.00025931218139661516,-0.03436992535443076,0.7799906357470698,0.8136395067306339,0.6151546198247198,0.6296049323093458,-0.28233265610968455,False,True,1.0,NO_DIRECTIONAL_INFORMATION,NEGLIGIBLE,2853,-0.040808137071408214,2535,-0.041916955162981016,2234,-0.018468644626316814
DISPLACEMENT_ALONE,ALL,0.75-1.00,volume_ratio24,Q2,3,9667,-0.01872115301007579,-0.02158803672886457,0.48360401365470157,-0.0002350662356019607,-0.01848608677447383,0.868557765678764,0.8842784674784375,0.6752715887353224,0.6862261251602048,-0.12363558950685301,False,True,1.0,NO_DIRECTIONAL_INFORMATION,NEGLIGIBLE,3253,-0.029449309345875956,3467,-0.016866285282560744,2947,-0.009061205216026495
DISPLACEMENT_ALONE,ALL,0.75-1.00,volume_ratio24,Q3,3,9864,-0.03589490811069152,-0.03906361749396318,0.47546634225466344,-0.0003284955354955084,-0.035566412575196014,0.9648759884598943,0.9843496002343775,0.7202841634315007,0.7477965689519759,-0.17402268219793543,False,True,1.0,NO_DIRECTIONAL_INFORMATION,NEGLIGIBLE,3335,-0.04393041617571844,3511,-0.006187094873846048,3018,-0.06157605883226199
DISPLACEMENT_ALONE,ALL,0.75-1.00,volume_ratio24,Q4,3,7099,-0.03514998306524315,-0.04014967262533873,0.48330750809973233,-0.00041954483605344777,-0.0347304382291897,1.202110999081818,1.2071587780707593,0.8468215801980515,0.8469841904536036,-0.2500751792862021,False,False,1.0,NO_DIRECTIONAL_INFORMATION,NEGLIGIBLE,2582,-0.0536932501156182,2452,-0.06153798088035693,2065,0.019369186991283444
DISPLACEMENT_ALONE,ALL,1.00-1.25,volume_ratio24,Q1,3,2080,-0.0010244409956058935,-0.02422652698362516,0.4793269230769231,-0.0006776755747023163,-0.00034676542090357715,0.8228598160711136,0.823331253370093,0.6493169779467833,0.6394688577651526,-0.1681900324617755,False,False,1.0,NO_DIRECTIONAL_INFORMATION,NEGLIGIBLE,813,0.025660249209163283,671,-0.03936838232067315,596,0.005744236005472592
DISPLACEMENT_ALONE,ALL,1.00-1.25,volume_ratio24,Q2,3,4110,-0.013277665498075953,-0.040342666278639534,0.47883211678832116,-0.0005099512424272806,-0.012767714255648672,0.8997468155479849,0.8959316849954108,0.6966037624455659,0.719829525297647,-0.03971266049880443,False,True,1.0,NO_DIRECTIONAL_INFORMATION,NEGLIGIBLE,1403,-0.003212673928779033,1486,-0.008957454356235586,1221,-0.030100775185625813
DISPLACEMENT_ALONE,ALL,1.00-1.25,volume_ratio24,Q3,3,5719,-0.005089138076894007,-0.021555222630363285,0.48365098793495365,-0.000881011974085375,-0.004208126102808632,1.0031160077297963,0.9679988220654555,0.7462521030320359,0.752114592824299,0.11155253437416567,False,False,1.0,NO_DIRECTIONAL_INFORMATION,NEGLIGIBLE,1906,0.004924644899667936,2079,-0.025502782970655204,1734,0.008378968832449981
DISPLACEMENT_ALONE,ALL,1.00-1.25,volume_ratio24,Q4,3,5725,-0.0013907962170679991,0.0,0.4920524017467249,-0.0004803475847113358,-0.0009104486323566634,1.2384147401073051,1.1996800598751567,0.903424138991844,0.8597128938046735,0.10431570426160207,False,False,1.0,NO_DIRECTIONAL_INFORMATION,NEGLIGIBLE,2017,-0.02991303714646511,2047,0.012989965780239978,1661,0.015521870938925092
DISPLACEMENT_ALONE,ALL,1.25-1.50,volume_ratio24,Q1,3,468,0.033440724693709345,-0.008695286826174538,0.49572649572649574,-0.0008261003969093519,0.034266825090618694,0.868482490367188,0.8165667537840401,0.6653575248523318,0.6729673826859014,-0.09233188646243196,False,False,0.5039609492458471,INSUFFICIENT_SAMPLE,NEGLIGIBLE,180,0.11755511963990516,145,0.14516546526967028,143,-0.1857248590393647
DISPLACEMENT_ALONE,ALL,1.25-1.50,volume_ratio24,Q2,3,1383,0.0014960563633641753,0.0,0.4953000723065799,-0.0014207580864458885,0.0029168144498100635,0.9353617663786815,0.9074950803205948,0.7032851212727993,0.7307139739124386,-0.0005496262492878394,False,False,0.9637852995510786,NO_DIRECTIONAL_INFORMATION,NEGLIGIBLE,495,0.01888001434435994,454,-0.04104716425948159,434,0.026172468718615526
DISPLACEMENT_ALONE,ALL,1.25-1.50,volume_ratio24,Q3,3,2777,0.05856027787472271,0.03976353833414715,0.5095426719481455,-0.0014710301207232592,0.06003130799544597,1.0610848801963602,0.9441322234583395,0.803526224632648,0.7392048355701067,-0.09979009973177377,False,True,0.022727805191922388,ERA_DEPENDENT,SMALL,949,0.02057628247939985,985,0.1291276378115032,843,0.018866282729328433
DISPLACEMENT_ALONE,ALL,1.25-1.50,volume_ratio24,Q4,3,4230,0.02581465776677099,-0.013900833879442045,0.4874704491725768,-0.00036812058924825646,0.02618277835601925,1.2720747465584863,1.1979291620115493,0.9157328355603771,0.891800868870908,0.010080786579371094,True,False,0.34701600150015066,NO_DIRECTIONAL_INFORMATION,NEGLIGIBLE,1512,0.058275975627065144,1492,-0.006660861097996868,1226,0.025302391487381823
DISPLACEMENT_ALONE,ALL,>=1.50,volume_ratio24,Q1,3,216,0.009567056433802935,-0.03864386087675678,0.4722222222222222,-0.0010447106001600247,0.01061176703396296,0.9033539391836156,0.7786034300726683,0.6732202081996834,0.5764577884198118,0.49108194145338385,True,False,0.9071310816401367,INSUFFICIENT_SAMPLE,NEGLIGIBLE,88,-0.044191800773921625,57,0.10384777905751501,71,0.0005075950919462002
DISPLACEMENT_ALONE,ALL,>=1.50,volume_ratio24,Q2,3,583,0.032207306386856115,0.03822644152854042,0.5145797598627787,-0.0016432687706384615,0.033850575157494574,0.9853683579023782,0.9400462338258286,0.7704348444422323,0.7265262975510867,-0.19043798623155664,False,False,0.5509440974647695,NO_DIRECTIONAL_INFORMATION,NEGLIGIBLE,190,0.10559532299415869,203,-0.029835141659325434,190,0.025106747428894873
DISPLACEMENT_ALONE,ALL,>=1.50,volume_ratio24,Q3,3,1771,-0.043541539315926026,-0.07669370366568508,0.47035573122529645,-0.002527880356488765,-0.04101365895943726,1.070536615639652,1.0520433833096527,0.830783124310377,0.814346419193847,-0.28285216469980246,False,False,1.0,NO_DIRECTIONAL_INFORMATION,NEGLIGIBLE,598,0.0004000977201255393,610,-0.024716015043865606,563,-0.11061199891364484
DISPLACEMENT_ALONE,ALL,>=1.50,volume_ratio24,Q4,3,8356,0.00967028584990077,-0.06372626426140937,0.48001436093824795,-0.0016993625401003558,0.011369648390001126,1.5271357751038492,1.4272455900957024,1.1053153180388977,1.044254399207577,-0.13567954124167353,False,False,0.6784185165254913,NO_DIRECTIONAL_INFORMATION,NEGLIGIBLE,2947,-0.022860687246691408,2991,0.009677956339090434,2418,0.0493087619799632
DISPLACEMENT_ALONE,ALL,0.50-0.75,volume_ratio24,Q1,6,23310,-0.015051209970264467,-0.023221408762495344,0.48717288717288715,-0.001372687046338301,-0.013678522923926167,1.093018505454839,1.1219322996445262,0.82842892982272,0.860844154495793,-0.22589737660221204,False,True,1.0,NO_DIRECTIONAL_INFORMATION,NEGLIGIBLE,8404,-0.010495101110410293,7903,-0.012065968702061551,7003,-0.023887694419903488
DISPLACEMENT_ALONE,ALL,0.50-0.75,volume_ratio24,Q2,6,17953,0.006003312735618726,0.0,0.49713139865203587,-0.0010516445741945682,0.007054957309813294,1.2827171105116406,1.2720643609263713,0.9584723793658924,0.9518214617392501,-0.09177252594852771,False,False,0.6507836445986941,NO_DIRECTIONAL_INFORMATION,NEGLIGIBLE,5996,0.007885826754713603,6422,0.021301258345043345,5535,-0.013785478730003265
DISPLACEMENT_ALONE,ALL,0.50-0.75,volume_ratio24,Q3,6,13565,-0.01797535373984058,-0.026975676406464838,0.48809436048654625,-0.0006776388833140641,-0.017297714856526515,1.4091610098125977,1.4200963118508072,1.0216056811361378,1.043955993172415,0.03772073541606387,False,True,1.0,NO_DIRECTIONAL_INFORMATION,NEGLIGIBLE,4717,-0.004040017098527447,4902,-0.020342731385272678,3946,-0.03169256046035905
DISPLACEMENT_ALONE,ALL,0.50-0.75,volume_ratio24,Q4,6,8286,-0.003856444420274763,-0.04485582586575701,0.48587979724837077,-0.001004840813972477,-0.002851603606302286,1.6951333777004154,1.6795786544458904,1.2166634410996577,1.2026974520763858,0.02650848135602851,False,False,1.0,NO_DIRECTIONAL_INFORMATION,NEGLIGIBLE,3202,-0.050627070297922135,2774,0.026163364080936852,2310,0.024924765656723455
DISPLACEMENT_ALONE,ALL,0.75-1.00,volume_ratio24,Q1,6,7622,-0.041114782771910614,-0.024935369977350692,0.48714248228811335,-0.0008327009805552782,-0.04028208179135533,1.1182477667084698,1.1572564265259282,0.873094954231787,0.8881709648418827,-0.2888182013457678,False,True,1.0,NO_DIRECTIONAL_INFORMATION,NEGLIGIBLE,2853,-0.02041371476925252,2535,-0.06799187232922668,2234,-0.037053334689451954
DISPLACEMENT_ALONE,ALL,0.75-1.00,volume_ratio24,Q2,6,9667,-0.014925053253605734,-0.018638490911645926,0.490327919726906,-0.0007841945157826175,-0.014140858737823116,1.2706415624964356,1.28985434255914,0.971828294992412,0.9853955508460732,-0.11983948975038294,False,False,1.0,NO_DIRECTIONAL_INFORMATION,NEGLIGIBLE,3253,-0.06394900620348426,3467,0.00010114562861395876,2947,0.02151169171459896
DISPLACEMENT_ALONE,ALL,0.75-1.00,volume_ratio24,Q3,6,9864,-0.030604826939257434,-0.071408045957473,0.47850770478507704,-0.000971109271857833,-0.0296337176673996,1.4297698849957152,1.45478216054298,1.0346517965121727,1.082873321154974,-0.16873260102650134,False,False,1.0,NO_DIRECTIONAL_INFORMATION,NEGLIGIBLE,3335,0.0002312807484880038,3511,-0.03207355847445887,3018,-0.06297119629596346
DISPLACEMENT_ALONE,ALL,0.75-1.00,volume_ratio24,Q4,6,7099,-0.030939682649103975,-0.042705430002747964,0.4869699957740527,-0.001153262598747758,-0.029786420050356217,1.7082206897759278,1.71222186859256,1.237684845248087,1.2138215487278319,-0.24586487887006292,False,False,1.0,NO_DIRECTIONAL_INFORMATION,NEGLIGIBLE,2582,-0.03420159467452666,2452,-0.07214332362158868,2065,0.02206447450061703
DISPLACEMENT_ALONE,ALL,1.00-1.25,volume_ratio24,Q1,6,2080,-0.03795472628791165,-0.01157708066020574,0.4913461538461538,-0.001669679227204165,-0.03628504706070748,1.1328001915950505,1.1505916593419399,0.9013324372969533,0.8938976531982297,-0.20512031775408124,False,True,1.0,NO_DIRECTIONAL_INFORMATION,NEGLIGIBLE,813,-0.06198500808065864,671,-0.038813476450591,596,-0.004208349682775463
DISPLACEMENT_ALONE,ALL,1.00-1.25,volume_ratio24,Q2,6,4110,-0.0010751479548197361,-0.03289180579254147,0.4895377128953771,-0.0013341297508537408,0.0002589817960340047,1.3070977719232606,1.2980905587663742,1.0077288761934038,1.0018930455022588,-0.027510142955548215,False,False,1.0,NO_DIRECTIONAL_INFORMATION,NEGLIGIBLE,1403,-0.03955140574788603,1486,0.023818972648751918,1221,0.012839288135896519
DISPLACEMENT_ALONE,ALL,1.00-1.25,volume_ratio24,Q3,6,5719,0.01990280409471925,-0.019516488912820693,0.48819723727924463,-0.002076474242635098,0.021979278337354347,1.4793386003740507,1.407744981260263,1.086577971491713,1.0700279030053916,0.13654447654577892,True,True,0.47017860083770296,NO_DIRECTIONAL_INFORMATION,NEGLIGIBLE,1906,0.012502615290253118,2079,0.02225157936627005,1734,0.025220944851211947
DISPLACEMENT_ALONE,ALL,1.00-1.25,volume_ratio24,Q4,6,5725,0.02638600820659404,-0.015543182586051356,0.491353711790393,-0.001274904641950916,0.027660912848544956,1.7704331473818857,1.702948833966645,1.2696885524700998,1.204507428251306,0.13209250868526412,True,True,0.4347874609040769,NO_DIRECTIONAL_INFORMATION,NEGLIGIBLE,2017,0.025651278722486584,2047,0.047425292567226815,1661,0.00134960500564845
DISPLACEMENT_ALONE,ALL,1.25-1.50,volume_ratio24,Q1,6,468,-0.06038870182127107,-0.10482141085593899,0.47649572649572647,-0.0019666180833225887,-0.05842208373794848,1.160112058137545,1.1500445677243607,0.8910244296453869,0.9333113787425922,-0.18616131297741237,False,False,1.0,INSUFFICIENT_SAMPLE,NEGLIGIBLE,180,-0.027238644305000056,145,0.08462041430870511,143,-0.24915326260291681
DISPLACEMENT_ALONE,ALL,1.25-1.50,volume_ratio24,Q2,6,1383,0.020973043931740893,-0.03159712940530073,0.48300795372378885,-0.003156290885266052,0.024129334817006944,1.332313860230775,1.2814812937793343,1.0263657240984785,1.0134270326392825,0.018927361319088877,True,False,0.652649454314803,NO_DIRECTIONAL_INFORMATION,NEGLIGIBLE,495,0.0746907729315704,454,-0.07499299562013392,434,0.06009356490325138
DISPLACEMENT_ALONE,ALL,1.25-1.50,volume_ratio24,Q3,6,2777,0.03745720263455599,-0.03896582503008542,0.488656823910695,-0.003256865170153833,0.040714067804709826,1.525033140447956,1.4091806224130854,1.1833501759797351,1.0568035197255599,-0.12089317497194049,False,False,0.36081136621613186,NO_DIRECTIONAL_INFORMATION,NEGLIGIBLE,949,0.04552438500776321,985,0.08645334198207336,843,-0.028873702857114526
DISPLACEMENT_ALONE,ALL,1.25-1.50,volume_ratio24,Q4,6,4230,0.040842989019747145,0.0,0.4940898345153664,-0.0010503831962595045,0.04189337221600665,1.8242088583514633,1.70110449328787,1.309455271288525,1.233471971103853,0.025109117832347247,True,False,0.2981461826232603,NO_DIRECTIONAL_INFORMATION,NEGLIGIBLE,1512,0.0706746728961554,1492,-0.043486684078817346,1226,0.10667852429048859
DISPLACEMENT_ALONE,ALL,>=1.50,volume_ratio24,Q1,6,216,-0.04638985294344652,-0.024227669088486538,0.4861111111111111,-0.002403969886907865,-0.04398588305653865,1.1060443991850657,1.0722877336974677,0.8578792804623983,0.7541806954132526,0.4351250320761344,False,False,1.0,INSUFFICIENT_SAMPLE,NEGLIGIBLE,88,-0.16314789483451209,57,0.039171738005755234,71,0.029634048497529052
DISPLACEMENT_ALONE,ALL,>=1.50,volume_ratio24,Q2,6,583,0.011048756018559277,0.03160891092580975,0.5060034305317325,-0.003601445995144557,0.014650202013703834,1.3790868205425768,1.3373389590669225,1.0508804416085795,1.0097004210640523,-0.21159653659985347,False,False,0.8824871837524157,NO_DIRECTIONAL_INFORMATION,NEGLIGIBLE,190,0.17745619885844832,203,-0.13931616907747188,190,0.00529436472864036
DISPLACEMENT_ALONE,ALL,>=1.50,volume_ratio24,Q3,6,1771,-0.04425061298762981,-0.03909131335554445,0.49181253529079616,-0.005371200868390033,-0.03887941211923978,1.4900848354658576,1.4814854160740698,1.1415954211164696,1.1281316522877913,-0.28356123837150626,False,False,1.0,NO_DIRECTIONAL_INFORMATION,NEGLIGIBLE,598,0.007052105958694539,610,-0.05663949582449652,563,-0.08531954264910988
DISPLACEMENT_ALONE,ALL,>=1.50,volume_ratio24,Q4,6,8356,0.05892569347624,-0.05926730457364279,0.4838439444710388,-0.003713667249593168,0.06263936072583316,2.115563563424203,1.9597168765686546,1.5065887169115322,1.4185997437617202,-0.0864241336153343,False,True,0.0658036725861021,SESSION_DEPENDENT,SMALL,2947,7.669958407986335e-05,2991,0.07743517723447459,2418,0.10775369971251633
DISPLACEMENT_ALONE,ALL,0.50-0.75,volume_ratio24,Q1,12,23310,-0.00908558217934847,-0.010376285198073506,0.49330759330759333,-0.0027705828486478553,-0.006314999330700614,1.5934551015993978,1.6090922771444116,1.188441562406799,1.2260057728525977,-0.21993174881129604,False,False,1.0,NO_DIRECTIONAL_INFORMATION,NEGLIGIBLE,8404,0.02764167794459617,7903,-0.03233065093898924,7003,-0.026927951974320574
DISPLACEMENT_ALONE,ALL,0.50-0.75,volume_ratio24,Q2,12,17953,0.0067667266930898345,0.01445902398393411,0.5004734584749067,-0.0021425943270046792,0.008909321020094514,1.8975355611491693,1.8854998021403493,1.4043458002430933,1.3883646589719025,-0.0910091119910566,False,False,0.73851700451621,NO_DIRECTIONAL_INFORMATION,NEGLIGIBLE,5996,-0.016801046094955616,6422,0.03303011844990108,5535,0.0018252386668709685
DISPLACEMENT_ALONE,ALL,0.50-0.75,volume_ratio24,Q3,12,13565,0.0035467673637975708,0.0,0.49399189089568746,-0.001411004891707068,0.004957772255504639,2.12045763666176,2.120479697445538,1.4943640940508074,1.555061277692268,0.059242856519702014,True,False,0.8937812528372724,NO_DIRECTIONAL_INFORMATION,NEGLIGIBLE,4717,0.019836133903619883,4902,-0.02942312384704419,3946,0.02503218671179668
DISPLACEMENT_ALONE,ALL,0.50-0.75,volume_ratio24,Q4,12,8286,-0.040501753338064286,-0.057318613233765456,0.4866039102099928,-0.0020510418791526894,-0.038450711458911595,2.4264267203599585,2.457886251216093,1.7446431824863475,1.7624001615198648,-0.010136827561761014,False,False,1.0,NO_DIRECTIONAL_INFORMATION,NEGLIGIBLE,3202,-0.14918565399626496,2774,0.012394185508501219,2310,0.04662920577327159
DISPLACEMENT_ALONE,ALL,0.75-1.00,volume_ratio24,Q1,12,7622,-0.03573327791457468,-0.05523881474226233,0.48609288900551034,-0.0017143205762617398,-0.03401895733831294,1.6065913560801939,1.6532927657602143,1.2413654234311844,1.2883682250434823,-0.28343669648843184,False,False,1.0,NO_DIRECTIONAL_INFORMATION,NEGLIGIBLE,2853,0.015572292805546131,2535,-0.0441818219517768,2234,-0.0916678052781366
DISPLACEMENT_ALONE,ALL,0.75-1.00,volume_ratio24,Q2,12,9667,-0.01869550674888826,-0.034614436533930176,0.49053480914451225,-0.0016194374821361683,-0.017076069266752092,1.8702017518591247,1.8890837706902037,1.4110639959944604,1.4137304479241117,-0.12360994324566547,False,False,1.0,NO_DIRECTIONAL_INFORMATION,NEGLIGIBLE,3253,-0.050770921538400245,3467,0.012083963028083934,2947,-0.019500086798593056
DISPLACEMENT_ALONE,ALL,0.75-1.00,volume_ratio24,Q3,12,9864,-0.03388569702413687,-0.0369071382305705,0.48753041362530414,-0.001985059888907374,-0.0319006371352295,2.1222629078691346,2.1499816676864754,1.5024386832712167,1.5876741169526143,-0.1720134711113808,False,False,1.0,NO_DIRECTIONAL_INFORMATION,NEGLIGIBLE,3335,0.014916863203946005,3511,-0.051506451941256456,3018,-0.06731514296404727
DISPLACEMENT_ALONE,ALL,0.75-1.00,volume_ratio24,Q4,12,7099,-0.018799352613415646,-0.03307359381023826,0.49035075362727143,-0.0023413685034721693,-0.016457984109943476,2.4774667955443768,2.4723180844237063,1.7552726719727885,1.7512291356085732,-0.2337245488343746,False,False,1.0,NO_DIRECTIONAL_INFORMATION,NEGLIGIBLE,2582,-0.05635248042392905,2452,0.033339393824397996,2065,-0.03375433094696214
DISPLACEMENT_ALONE,ALL,1.00-1.25,volume_ratio24,Q1,12,2080,-0.04840613246132305,-0.06473849475113355,0.47596153846153844,-0.003351526794650227,-0.04505460566667282,1.5975870997444475,1.6265842247659628,1.2322992389379093,1.272120598968157,-0.21557172392749266,False,False,1.0,NO_DIRECTIONAL_INFORMATION,NEGLIGIBLE,813,0.06277469385627515,671,-0.21015653172868734,596,-0.017962330259655157
DISPLACEMENT_ALONE,ALL,1.00-1.25,volume_ratio24,Q2,12,4110,0.03730930814383698,0.0,0.4958637469586375,-0.0026951612421911627,0.04000446938602815,1.908714252781665,1.8809078808209372,1.4241216391455942,1.410781903354827,0.010874313143108504,True,False,0.3633888958427021,NO_DIRECTIONAL_INFORMATION,NEGLIGIBLE,1403,-0.05955411554926239,1486,0.09550623130403885,1221,0.0777833094750069
DISPLACEMENT_ALONE,ALL,1.00-1.25,volume_ratio24,Q3,12,5719,0.07476366870776514,0.03733367378623643,0.5035845427522294,-0.004147255156217018,0.07891092386398216,2.185713697309584,2.0871254348790984,1.579188161097641,1.515941020239724,0.19140534115882482,True,True,0.06551097672642521,REPLICATED_DIRECTIONAL_EDGE,SMALL,1906,0.09725113690839848,2079,0.08720646704386469,1734,0.03512716805542483
DISPLACEMENT_ALONE,ALL,1.00-1.25,volume_ratio24,Q4,12,5725,0.019008190092132442,0.0,0.49537117903930133,-0.0025793114970291296,0.021587501589161572,2.554301463517277,2.467704637737878,1.849175166440115,1.7596813040822377,0.1247146905708025,True,False,0.6905734353966577,NO_DIRECTIONAL_INFORMATION,NEGLIGIBLE,2017,0.05318124796523661,2047,0.06690616830875086,1661,-0.08151813088286393
DISPLACEMENT_ALONE,ALL,1.25-1.50,volume_ratio24,Q1,12,468,0.014645326839165914,-0.03592669460896908,0.4807692307692308,-0.003932366432555642,0.018577693271721554,1.61760431743548,1.5897102095653812,1.2128726013644746,1.2857776171189448,-0.11112728431697538,False,False,0.8767524982030468,INSUFFICIENT_SAMPLE,NEGLIGIBLE,180,-0.04182052416057951,145,0.21380252908437897,143,-0.1162213944587482
DISPLACEMENT_ALONE,ALL,1.25-1.50,volume_ratio24,Q2,12,1383,-0.056827299166418224,-0.034905317894439805,0.49168474331164136,-0.006259475550370709,-0.050567823616047516,1.8616275920997178,1.8459781725716817,1.4704569492578587,1.4769157482119388,-0.05887298177907024,False,False,1.0,NO_DIRECTIONAL_INFORMATION,NEGLIGIBLE,495,-0.04630375527930693,454,-0.2223156994950145,434,0.10428463522312707
DISPLACEMENT_ALONE,ALL,1.25-1.50,volume_ratio24,Q3,12,2777,0.08198690680060403,-0.009999076097381538,0.49405833633417356,-0.006456208076320485,0.08844311487692451,2.2180273226310043,2.0416062242862925,1.644694386441533,1.5033994588896509,-0.07636347080589245,False,True,0.17320364834803653,SESSION_DEPENDENT,SMALL,949,0.08170252965433303,985,0.10434935433078464,843,0.056177728976859465
DISPLACEMENT_ALONE,ALL,1.25-1.50,volume_ratio24,Q4,12,4230,0.05548597310218557,-0.0075135979459867745,0.4929078014184397,-0.0021401269560696605,0.057626100058255234,2.5984569104311968,2.452035317663676,1.8491521641426854,1.773773035877431,0.039752101914785676,True,False,0.3208084682218644,ERA_DEPENDENT,SMALL,1512,0.15073153842293627,1492,-0.029562469618144457,1226,0.04152266296658801
DISPLACEMENT_ALONE,ALL,>=1.50,volume_ratio24,Q1,12,216,-0.06444680261481249,-0.007279674735285709,0.49074074074074076,-0.004787866674431834,-0.05965893594038066,1.4772212840607566,1.4455690612636323,1.0856557544986285,0.9877260098315115,0.4170680824047684,False,False,1.0,INSUFFICIENT_SAMPLE,NEGLIGIBLE,88,-0.22647658335528595,57,-0.172117970083432,71,0.2228190741580463
DISPLACEMENT_ALONE,ALL,>=1.50,volume_ratio24,Q2,12,583,0.16430859442445112,0.11430746427403383,0.5111492281303602,-0.0071302397750784945,0.1714388341995296,1.9335208615932789,1.7731870567609265,1.4035633945448174,1.391228123980216,-0.058336698193961645,False,False,0.10677510981537656,ERA_DEPENDENT,INTERESTING,190,0.3545755872409845,203,-0.032028854859872474,190,0.1838126658432741
DISPLACEMENT_ALONE,ALL,>=1.50,volume_ratio24,Q3,12,1771,-0.02568092071687854,-0.09025053218302331,0.4839073969508752,-0.010592042629694745,-0.015088878087183793,2.1408236112116166,2.0688306992250816,1.542533636435486,1.600024544215688,-0.264991546100755,False,False,1.0,NO_DIRECTIONAL_INFORMATION,NEGLIGIBLE,598,0.016924124290913556,610,0.024537918606114376,563,-0.12534576778914386
DISPLACEMENT_ALONE,ALL,>=1.50,volume_ratio24,Q4,12,8356,0.05316237922001859,-0.0811849124867279,0.48719483006223074,-0.007349754841753453,0.06051213406177204,2.903093472046767,2.7412631587358494,2.101656179565068,2.0312168061370226,-0.0921874478715557,False,False,0.22231401828777425,ERA_DEPENDENT,SMALL,2947,-0.02043631108790365,2991,0.08940656511265926,2418,0.09802961674382274
DISPLACEMENT_ALONE,ALL,0.50-0.75,volume_ratio24,Q1,24,23310,-0.01493170192009654,-0.01648816484785242,0.49352209352209353,-0.005435813903747483,-0.009495888016349055,2.3595548552075827,2.3807188051073718,1.711845818695059,1.7553868333289528,-0.22577786855204413,False,False,1.0,NO_DIRECTIONAL_INFORMATION,NEGLIGIBLE,8404,0.034207080881678786,7903,-0.05030009748157091,7003,-0.033987235340600316
DISPLACEMENT_ALONE,ALL,0.50-0.75,volume_ratio24,Q2,24,17953,0.01134929381766037,0.0,0.49830111959004064,-0.004204444047783771,0.015553737865444141,2.8624743456888324,2.8337263965603237,2.041744323539594,2.0068727651879197,-0.08642654486648607,False,False,0.7105611253045989,NO_DIRECTIONAL_INFORMATION,NEGLIGIBLE,5996,0.024566027993579216,6422,0.012912338450329755,5535,-0.004781765035060907
DISPLACEMENT_ALONE,ALL,0.50-0.75,volume_ratio24,Q3,24,13565,0.02664209050514946,0.0,0.49959454478437154,-0.002769931876749438,0.029412022381898897,3.232567725217364,3.2452306895807306,2.2088387426537595,2.2567682126922284,0.0823381796610539,True,False,0.5197159897831045,NO_DIRECTIONAL_INFORMATION,NEGLIGIBLE,4717,0.0709062624861083,4902,-0.028477989833739142,3946,0.04220330048666224
DISPLACEMENT_ALONE,ALL,0.50-0.75,volume_ratio24,Q4,24,8286,-0.08923436307133208,-0.06520688789422731,0.49094858797972485,-0.004024926555601507,-0.08520943651573057,3.4940415117770383,3.591513012598501,2.5089855363890297,2.57369849465071,-0.058869437295028804,False,False,1.0,NO_DIRECTIONAL_INFORMATION,NEGLIGIBLE,3202,-0.22459221574881452,2774,-0.02970359349733186,2310,0.026903078259846336
DISPLACEMENT_ALONE,ALL,0.75-1.00,volume_ratio24,Q1,24,7622,0.007498120869630642,-0.023124435708006225,0.4950144319076358,-0.00336467808297682,0.010862798952607462,2.3698996247584616,2.408285694736149,1.7454320066756317,1.8193034968375947,-0.24020529770422652,False,False,0.8440001718454835,NO_DIRECTIONAL_INFORMATION,NEGLIGIBLE,2853,0.04423332880260382,2535,-0.0667801450914213,2234,0.04487048254308368
DISPLACEMENT_ALONE,ALL,0.75-1.00,volume_ratio24,Q2,24,9667,-0.008599009139896448,0.0,0.49787938346953553,-0.00317862980674227,-0.005420379333154178,2.8099565724221858,2.820766172903001,2.0126125889305753,2.0473743688004618,-0.11351344563667366,False,False,1.0,NO_DIRECTIONAL_INFORMATION,NEGLIGIBLE,3253,-0.09523133810090545,3467,0.08753236711937835,2947,-0.026065081545985205
DISPLACEMENT_ALONE,ALL,0.75-1.00,volume_ratio24,Q3,24,9864,-0.010469553774494147,0.0,0.4973641524736415,-0.0038955480223570125,-0.006574005752137135,3.247292931515379,3.2672230538101137,2.2425671963214326,2.3093503451747166,-0.14859732786173807,False,False,1.0,NO_DIRECTIONAL_INFORMATION,NEGLIGIBLE,3335,-0.03489796735253031,3511,0.006315229412274376,3018,-0.003001897871907577
DISPLACEMENT_ALONE,ALL,0.75-1.00,volume_ratio24,Q4,24,7099,0.05095739228998303,0.023201393562760825,0.5010564868291308,-0.00459420360645474,0.055551595896437767,3.6256639665981916,3.5904053197013495,2.5401247652114183,2.5141404795648095,-0.16396780393097593,False,True,0.41240115315464126,ERA_DEPENDENT,SMALL,2582,0.04080394604158966,2452,0.0981795237137284,2065,0.007580894450916757
DISPLACEMENT_ALONE,ALL,1.00-1.25,volume_ratio24,Q1,24,2080,0.05930192148358287,-0.039130661110176976,0.49182692307692305,-0.0065749380094558985,0.06587685949303877,2.323937058572471,2.270486165095403,1.7236102609324606,1.8029159706548565,-0.10786366998258673,False,False,0.37963898131880913,ERA_DEPENDENT,SMALL,813,0.2727472190510752,671,-0.20856348527783075,596,0.06971578224622926
DISPLACEMENT_ALONE,ALL,1.00-1.25,volume_ratio24,Q2,24,4110,0.119991922095729,0.0,0.49951338199513384,-0.005287926021280901,0.1252798481170099,2.8489424374112953,2.7303425269432786,2.0425979662562432,2.0017808420937637,0.09355692709500052,True,True,0.05765752169093688,ERA_DEPENDENT,INTERESTING,1403,0.12731781406556572,1486,0.2058440703511837,1221,0.007088958343651505
DISPLACEMENT_ALONE,ALL,1.00-1.25,volume_ratio24,Q3,24,5719,0.0653418444828703,0.016375329314971997,0.5006119951040392,-0.008135214804651026,0.07347705928752132,3.2932774418182893,3.1734953177288925,2.264757602053035,2.1953023158861527,0.18198351693392997,True,False,0.29389302700866937,ERA_DEPENDENT,SMALL,1906,0.09035999300607649,2079,0.17643265948611087,1734,-0.09535157851422787
DISPLACEMENT_ALONE,ALL,1.00-1.25,volume_ratio24,Q4,24,5725,0.0512129899613425,0.0,0.497292576419214,-0.005060766003068558,0.05627375596441106,3.689274386988628,3.5953407158309347,2.610026324179134,2.605098628471938,0.15691949044001258,True,False,0.452796037516564,ERA_DEPENDENT,SMALL,2017,0.09870271023624408,2047,0.08566979462580307,1661,-0.04891936701796351
DISPLACEMENT_ALONE,ALL,1.25-1.50,volume_ratio24,Q1,24,468,-0.09806756340334839,-0.14989651146330446,0.4658119658119658,-0.007713857586193005,-0.09035370581715539,2.2105867986510317,2.301222913488366,1.6400358238465969,1.8322010826917048,-0.22384017455948968,False,False,1.0,INSUFFICIENT_SAMPLE,NEGLIGIBLE,180,-0.4249345442929533,145,0.2503227223918086,143,-0.039889485642291604
DISPLACEMENT_ALONE,ALL,1.25-1.50,volume_ratio24,Q2,24,1383,0.02847093820581212,-0.010145633761724199,0.4981923355025307,-0.012276890062834321,0.04074782826864644,2.6186235165653544,2.610116299565228,2.057105229322102,1.9796362475320517,0.026425255593160103,True,False,0.7531814693143332,NO_DIRECTIONAL_INFORMATION,NEGLIGIBLE,495,-0.028524628298676958,454,-0.06340542884551671,434,0.18958770332338207
DISPLACEMENT_ALONE,ALL,1.25-1.50,volume_ratio24,Q3,24,2777,0.12954885087917864,-0.013005037622134084,0.4958588404753331,-0.012662646320780388,0.142211497199959,3.244196685946503,3.02959755495374,2.4025911281418173,2.196005775336901,-0.02880152672731784,False,False,0.12317989447156062,ERA_DEPENDENT,INTERESTING,949,0.17161449315180638,985,0.2256916499810545,843,-0.03014385568318374
DISPLACEMENT_ALONE,ALL,1.25-1.50,volume_ratio24,Q4,24,4230,0.031065860422685852,-0.042261748728410306,0.492434988179669,-0.004199605987710774,0.03526546641039663,3.711901037915731,3.6322046776229815,2.667378142217868,2.5722585370182607,0.015331989235285955,True,False,0.7048624666412857,NO_DIRECTIONAL_INFORMATION,NEGLIGIBLE,1512,0.12373880015308913,1492,-0.12584221246773178,1226,0.10772602345705236
DISPLACEMENT_ALONE,ALL,>=1.50,volume_ratio24,Q1,24,216,-0.052425186188258026,-0.12898957944091688,0.4861111111111111,-0.009391336032549978,-0.04303385015570805,1.9991742127695349,1.9238414610052272,1.5399993626582464,1.3461397190742859,0.42908969883132286,False,False,1.0,INSUFFICIENT_SAMPLE,NEGLIGIBLE,88,-0.09332540857388295,57,0.18024982269252782,71,-0.18852738247374823
DISPLACEMENT_ALONE,ALL,>=1.50,volume_ratio24,Q2,24,583,0.203215822661437,0.06639217147034963,0.5094339622641509,-0.013984298368882984,0.21720012103032,2.692617981871601,2.4549786491746577,2.050847848981265,1.78876138972809,-0.019429469956975753,False,False,0.18345165713072636,ERA_DEPENDENT,STRONG,190,0.40785738069445204,203,-0.11506663932781747,190,0.3386339477011519
DISPLACEMENT_ALONE,ALL,>=1.50,volume_ratio24,Q3,24,1771,-0.06221579669980722,-0.16096175154537198,0.4754376058723885,-0.020772256325996236,-0.04144354037381098,3.0515099810787603,2.988398233103776,2.143864285478158,2.243155059953888,-0.3015264220836837,False,False,1.0,NO_DIRECTIONAL_INFORMATION,NEGLIGIBLE,598,-0.15595575361011674,610,-0.08209323196933896,563,0.058888519013833136
DISPLACEMENT_ALONE,ALL,>=1.50,volume_ratio24,Q4,24,8356,0.0024486599523435588,-0.0699633869833764,0.48994734322642414,-0.014414726994116675,0.016863386946460234,4.02157670995217,3.8782727316528054,2.875419319155733,2.830375594289117,-0.14290116713923073,False,False,0.9679527911000735,NO_DIRECTIONAL_INFORMATION,NEGLIGIBLE,2947,-0.15165980057413533,2991,0.12027456926957357,2418,0.04452489585130897
