signal_id,direction,mfe_r,mae_r,result_R,P_p0.5R_before_l0.5R,P_p0.5R_before_l1.0R,P_p1.0R_before_l0.5R,P_p1.0R_before_l1.0R,P_p1.5R_before_l0.5R,P_p1.5R_before_l1.0R,P_p2.0R_before_l0.5R,P_p2.0R_before_l1.0R,P_p2.5R_before_l0.5R,P_p2.5R_before_l1.0R,P_p3.0R_before_l0.5R,P_p3.0R_before_l1.0R
0,Long,0.6409788147352914,0.6203020787760885,0.24812083151043535,1.0,1.0,0.0,1.0,0.0,1.0,0.0,1.0,0.0,1.0,0.0,1.0
1,Short,0.4654764120455541,2.1483526709794805,-1.0000000000000187,0.0,0.0,0.0,0.0,0.0,0.0,0.0,0.0,0.0,0.0,0.0,0.0
2,Long,0.5177552947695007,0.41980159035364917,0.3358412722829193,1.0,1.0,1.0,1.0,1.0,1.0,1.0,1.0,1.0,1.0,1.0,1.0
3,Long,0.14870562720247085,1.0480206107602708,-0.9999999999999876,0.0,0.0,0.0,0.0,0.0,0.0,0.0,0.0,0.0,0.0,0.0,0.0
4,Short,0.3396207347562548,0.9776960546013397,-0.03087461225056862,0.0,1.0,0.0,1.0,0.0,0.0,0.0,0.0,0.0,0.0,0.0,0.0
5,Short,2.7704655213072584,0.11706192343551795,2.0,1.0,1.0,1.0,1.0,1.0,1.0,1.0,1.0,1.0,1.0,0.0,1.0
6,Long,1.1215629992620268,0.1353610516350722,1.063551119989853,1.0,1.0,1.0,1.0,1.0,1.0,1.0,1.0,1.0,1.0,1.0,1.0
7,Short,0.397941019850848,1.1757348313775056,-0.9999999999999928,0.0,0.0,0.0,0.0,0.0,0.0,0.0,0.0,0.0,0.0,0.0,0.0
8,Long,0.3951497194178613,1.3435090460207284,-1.0000000000000109,0.0,0.0,0.0,0.0,0.0,0.0,0.0,0.0,0.0,0.0,0.0,0.0
9,Short,0.1350338002530069,0.9722433618216496,-0.9317332217457476,0.0,1.0,0.0,1.0,0.0,1.0,0.0,0.0,0.0,0.0,0.0,0.0
10,Long,0.016667718559285206,1.6501041373692356,-1.0000000000000158,0.0,0.0,0.0,0.0,0.0,0.0,0.0,0.0,0.0,0.0,0.0,0.0
11,Long,0.5119673003304204,0.024379395253829542,0.2925527430459545,1.0,1.0,0.0,0.0,0.0,0.0,0.0,0.0,0.0,0.0,0.0,0.0
12,Short,1.5451799542745188,0.0,1.5055599554469672,1.0,1.0,1.0,1.0,1.0,1.0,1.0,1.0,1.0,1.0,0.0,0.0
13,Long,0.9484850268260402,0.1317340315036167,0.2107744504057867,1.0,1.0,0.0,0.0,0.0,0.0,0.0,0.0,0.0,0.0,0.0,0.0
14,Long,0.03540114767503415,2.717038084058871,-1.0000000000000098,0.0,0.0,0.0,0.0,0.0,0.0,0.0,0.0,0.0,0.0,0.0,0.0
15,Short,0.5069864980514202,0.4148071347693438,-0.3379909987009468,1.0,1.0,0.0,0.0,0.0,0.0,0.0,0.0,0.0,0.0,0.0,0.0
16,Long,0.3219111501748257,0.6353509542924191,-0.03388538422892902,0.0,1.0,0.0,1.0,0.0,1.0,0.0,0.0,0.0,0.0,0.0,0.0
17,Short,0.12566662234808437,1.0967268859469181,-1.0000000000000127,0.0,0.0,0.0,0.0,0.0,0.0,0.0,0.0,0.0,0.0,0.0,0.0
18,Short,0.5964666956962882,0.1409830371645772,0.3253454703797935,1.0,1.0,0.0,0.0,0.0,0.0,0.0,0.0,0.0,0.0,0.0,0.0
19,Long,0.8554904259211904,0.8364795275673862,0.8364795275673862,0.0,1.0,0.0,0.0,0.0,0.0,0.0,0.0,0.0,0.0,0.0,0.0
20,Long,0.9724105922508959,0.7941353170048983,0.5834463553505375,0.0,1.0,0.0,1.0,0.0,1.0,0.0,1.0,0.0,0.0,0.0,0.0
21,Short,0.3225204650617938,1.822240627599135,-1.0000000000000022,0.0,0.0,0.0,0.0,0.0,0.0,0.0,0.0,0.0,0.0,0.0,0.0
22,Short,0.3260166330190914,0.6520332660381828,-0.3556545087480997,0.0,1.0,0.0,0.0,0.0,0.0,0.0,0.0,0.0,0.0,0.0,0.0
23,Long,0.5124772661215838,0.3074863596729503,0.3689836316075404,1.0,1.0,1.0,1.0,1.0,1.0,0.0,0.0,0.0,0.0,0.0,0.0
24,Long,2.477277049093363,0.0258049692613892,2.0,1.0,1.0,1.0,1.0,1.0,1.0,1.0,1.0,0.0,0.0,0.0,0.0
25,Short,0.9705668124985845,0.3299927162495187,-0.21352469874968857,1.0,1.0,0.0,1.0,0.0,0.0,0.0,0.0,0.0,0.0,0.0,0.0
26,Long,0.9551442729702838,4.7120450799867335,-1.0000000000000062,1.0,1.0,0.0,0.0,0.0,0.0,0.0,0.0,0.0,0.0,0.0,0.0
27,Short,0.3219848954269152,0.15204842284048775,-0.04472012436484934,1.0,1.0,1.0,1.0,1.0,1.0,0.0,0.0,0.0,0.0,0.0,0.0
28,Short,0.7881768557280604,0.5538540067278263,0.4331422360307359,0.0,1.0,0.0,0.0,0.0,0.0,0.0,0.0,0.0,0.0,0.0,0.0
29,Short,2.186678982080682,0.07972267122169154,2.0,1.0,1.0,1.0,1.0,1.0,1.0,1.0,1.0,0.0,0.0,0.0,0.0
30,Long,2.8614021306342297,0.0,2.0,1.0,1.0,1.0,1.0,1.0,1.0,1.0,1.0,1.0,1.0,1.0,1.0
31,Long,0.06228759226590765,0.6644009841696816,-0.0830501230212102,0.0,1.0,0.0,1.0,0.0,0.0,0.0,0.0,0.0,0.0,0.0,0.0
32,Long,1.06451622932631,0.19959679299868313,1.0146170310766391,1.0,1.0,1.0,1.0,1.0,1.0,1.0,1.0,1.0,1.0,0.0,0.0
33,Short,0.5144498604176936,1.2552576594191722,-1.0000000000000118,0.0,0.0,0.0,0.0,0.0,0.0,0.0,0.0,0.0,0.0,0.0,0.0
34,Long,0.06837108066756875,0.8204529680108249,-0.7292915271207333,0.0,0.0,0.0,0.0,0.0,0.0,0.0,0.0,0.0,0.0,0.0,0.0
35,Short,1.106006399107871,0.7148577945453313,-0.41812437039443906,1.0,1.0,1.0,1.0,0.0,0.0,0.0,0.0,0.0,0.0,0.0,0.0
36,Long,0.07876794925458545,1.050239323394473,-0.9999999999999739,0.0,0.0,0.0,0.0,0.0,0.0,0.0,0.0,0.0,0.0,0.0,0.0
37,Short,1.6616543899491962,1.329323511959357,-1.000000000000012,0.0,1.0,0.0,1.0,0.0,1.0,0.0,0.0,0.0,0.0,0.0,0.0
38,Long,0.6032569896136615,0.3619541937681969,0.38876561552880406,1.0,1.0,0.0,0.0,0.0,0.0,0.0,0.0,0.0,0.0,0.0,0.0
39,Long,0.48265518917690664,0.10161161877408562,0.12701452346760703,0.0,0.0,0.0,0.0,0.0,0.0,0.0,0.0,0.0,0.0,0.0,0.0
40,Long,1.8753083360721876,0.30686863681181253,1.7048257600656251,1.0,1.0,1.0,1.0,1.0,1.0,1.0,1.0,1.0,1.0,1.0,1.0
41,Long,0.17823478289136,0.6535275372683199,-0.45548888961125333,0.0,0.0,0.0,0.0,0.0,0.0,0.0,0.0,0.0,0.0,0.0,0.0
42,Short,0.8214147201231186,0.46671290916086283,-0.05600554909930354,1.0,1.0,1.0,1.0,1.0,1.0,1.0,1.0,0.0,0.0,0.0,0.0
43,Long,1.110192301111948,0.7225061007236487,0.7225061007236487,0.0,1.0,0.0,1.0,0.0,0.0,0.0,0.0,0.0,0.0,0.0,0.0
44,Long,2.395361072679032,0.0,2.0,1.0,1.0,1.0,1.0,1.0,1.0,1.0,1.0,1.0,1.0,0.0,0.0
45,Long,0.36607704945575714,0.6711412573355547,0.1525321039398988,0.0,1.0,0.0,1.0,0.0,1.0,0.0,0.0,0.0,0.0,0.0,0.0
46,Long,0.13645103257684077,0.27290206515368154,0.10916082606147262,0.0,0.0,0.0,0.0,0.0,0.0,0.0,0.0,0.0,0.0,0.0,0.0
47,Short,0.1606692513330419,1.0282832085314682,-0.999999999999913,0.0,0.0,0.0,0.0,0.0,0.0,0.0,0.0,0.0,0.0,0.0,0.0
48,Long,1.3278971482480482,0.05107296724030955,1.2257512137674291,1.0,1.0,1.0,1.0,1.0,1.0,1.0,1.0,1.0,1.0,1.0,1.0
49,Long,0.7042280836425139,0.12354878660394981,0.37064635981184946,1.0,1.0,0.0,0.0,0.0,0.0,0.0,0.0,0.0,0.0,0.0,0.0
50,Long,0.06920268708916717,0.512099884459837,-0.17992698643183463,0.0,0.0,0.0,0.0,0.0,0.0,0.0,0.0,0.0,0.0,0.0,0.0
51,Short,1.074184590464971,1.7534483756119377,-1.0000000000000022,0.0,1.0,0.0,1.0,0.0,0.0,0.0,0.0,0.0,0.0,0.0,0.0
52,Long,0.47738045771089505,0.3226047624374408,-0.19020627611918473,0.0,0.0,0.0,0.0,0.0,0.0,0.0,0.0,0.0,0.0,0.0,0.0
53,Short,0.965155415086659,0.21251128405577813,0.6795933771367071,1.0,1.0,0.0,0.0,0.0,0.0,0.0,0.0,0.0,0.0,0.0,0.0
54,Long,0.1845786203379036,0.5361569447910534,-0.11426295544727366,0.0,0.0,0.0,0.0,0.0,0.0,0.0,0.0,0.0,0.0,0.0,0.0
55,Long,0.21574172742549508,1.3766376892864922,-0.9999999999999949,0.0,0.0,0.0,0.0,0.0,0.0,0.0,0.0,0.0,0.0,0.0,0.0
56,Long,0.8790183975579265,0.388946193609702,0.47192138157977176,1.0,1.0,0.0,0.0,0.0,0.0,0.0,0.0,0.0,0.0,0.0,0.0
57,Short,0.0227350530328063,0.8298294356974301,-0.45697456595940666,0.0,1.0,0.0,0.0,0.0,0.0,0.0,0.0,0.0,0.0,0.0,0.0
58,Short,0.124594464594265,0.5855939835930455,-0.4568463701789717,0.0,1.0,0.0,1.0,0.0,1.0,0.0,0.0,0.0,0.0,0.0,0.0
59,Short,0.8039945641159356,0.8217623997870059,0.21321402805284478,1.0,1.0,0.0,0.0,0.0,0.0,0.0,0.0,0.0,0.0,0.0,0.0
60,Long,0.4899264343450612,1.035411536502449,-1.0000000000000067,0.0,0.0,0.0,0.0,0.0,0.0,0.0,0.0,0.0,0.0,0.0,0.0
61,Long,1.409264658914905,0.6792401734409677,1.3394362298695717,1.0,1.0,0.0,1.0,0.0,1.0,0.0,1.0,0.0,1.0,0.0,1.0
62,Long,0.2804139953465196,0.20537363039463408,0.02764645024543151,1.0,1.0,0.0,0.0,0.0,0.0,0.0,0.0,0.0,0.0,0.0,0.0
63,Long,0.5695178757373726,0.22780715029494902,0.2847589378686863,1.0,1.0,1.0,1.0,0.0,1.0,0.0,1.0,0.0,0.0,0.0,0.0
64,Long,0.760647761808246,0.033435066453109716,0.14209903242571628,1.0,1.0,1.0,1.0,0.0,1.0,0.0,1.0,0.0,1.0,0.0,0.0
65,Long,0.7943594896091631,0.49426812686792376,0.5207467765215625,1.0,1.0,1.0,1.0,0.0,0.0,0.0,0.0,0.0,0.0,0.0,0.0
66,Long,1.09242847339357,0.10006978382231176,0.8088974192303534,1.0,1.0,1.0,1.0,1.0,1.0,1.0,1.0,0.0,0.0,0.0,0.0
67,Short,0.33959977026513954,0.3638568967126495,-0.16009703455356578,0.0,0.0,0.0,0.0,0.0,0.0,0.0,0.0,0.0,0.0,0.0,0.0
68,Long,0.8153004631891002,0.165263607403196,0.6665632165262239,1.0,1.0,0.0,0.0,0.0,0.0,0.0,0.0,0.0,0.0,0.0,0.0
69,Long,0.23594202700117084,0.41289854725204894,0.17040257505640116,1.0,1.0,1.0,1.0,1.0,1.0,1.0,1.0,1.0,1.0,1.0,1.0
70,Long,0.12666727570149588,0.13284616719912984,-0.0803255894692413,0.0,0.0,0.0,0.0,0.0,0.0,0.0,0.0,0.0,0.0,0.0,0.0
71,Long,0.20431325305289338,1.170872104033889,-0.9999999999999741,0.0,0.0,0.0,0.0,0.0,0.0,0.0,0.0,0.0,0.0,0.0,0.0
72,Long,0.27906529005968517,0.7651790211313947,0.08101895517861826,0.0,1.0,0.0,1.0,0.0,0.0,0.0,0.0,0.0,0.0,0.0,0.0
73,Long,0.14296613818711257,0.2610686001677708,-0.1864775715484077,0.0,0.0,0.0,0.0,0.0,0.0,0.0,0.0,0.0,0.0,0.0,0.0
74,Short,0.5848374616157825,0.9149876415601759,-0.49522526991659005,1.0,1.0,0.0,0.0,0.0,0.0,0.0,0.0,0.0,0.0,0.0,0.0
75,Short,0.835731282199157,0.6685850257593257,0.24429068248898436,1.0,1.0,0.0,1.0,0.0,0.0,0.0,0.0,0.0,0.0,0.0,0.0
76,Short,0.20684921686857005,0.794300992775309,-0.3640546216886833,0.0,0.0,0.0,0.0,0.0,0.0,0.0,0.0,0.0,0.0,0.0,0.0
77,Long,0.46501115365759743,0.23644634931742242,0.33890643402163884,1.0,1.0,1.0,1.0,0.0,0.0,0.0,0.0,0.0,0.0,0.0,0.0
78,Short,2.2131717606246863,0.9924143212324983,2.0,1.0,1.0,0.0,1.0,0.0,1.0,0.0,1.0,0.0,0.0,0.0,0.0
79,Short,0.5307487948627377,0.8897847443287075,0.0,1.0,1.0,0.0,0.0,0.0,0.0,0.0,0.0,0.0,0.0,0.0,0.0
80,Long,0.7915083770928236,0.13630204681054667,0.7915083770928236,1.0,1.0,1.0,1.0,1.0,1.0,1.0,1.0,0.0,0.0,0.0,0.0
81,Short,0.6872565713140077,0.2425611428167086,-0.02274010713906643,1.0,1.0,1.0,1.0,1.0,1.0,0.0,0.0,0.0,0.0,0.0,0.0
82,Long,0.29695533051483936,0.0,0.047896021050780536,1.0,1.0,1.0,1.0,0.0,0.0,0.0,0.0,0.0,0.0,0.0,0.0
83,Short,2.702964574556037,0.1017244732359799,2.0,1.0,1.0,1.0,1.0,1.0,1.0,1.0,1.0,1.0,1.0,1.0,1.0
84,Long,0.2021871301685323,0.4910258875521498,-0.39474630175761066,0.0,0.0,0.0,0.0,0.0,0.0,0.0,0.0,0.0,0.0,0.0,0.0
85,Long,0.13794561812662587,0.42369011281749375,-0.32515752844133244,1.0,1.0,1.0,1.0,1.0,1.0,0.0,0.0,0.0,0.0,0.0,0.0
86,Long,2.674611945998691,0.24490422638060302,2.0,1.0,1.0,1.0,1.0,1.0,1.0,1.0,1.0,1.0,1.0,1.0,1.0
87,Long,0.9576315503418896,1.1607655155659267,-0.9999999999999813,0.0,0.0,0.0,0.0,0.0,0.0,0.0,0.0,0.0,0.0,0.0,0.0
88,Long,0.6522821472226253,0.047961922589898925,0.4220649187911105,1.0,1.0,1.0,1.0,0.0,0.0,0.0,0.0,0.0,0.0,0.0,0.0
89,Short,0.0659835079903269,1.022744373850067,-1.0000000000000278,0.0,0.0,0.0,0.0,0.0,0.0,0.0,0.0,0.0,0.0,0.0,0.0
90,Long,0.43450565641574834,0.6964870080781849,-0.35782818763649865,0.0,1.0,0.0,0.0,0.0,0.0,0.0,0.0,0.0,0.0,0.0,0.0
91,Long,0.6672743471135827,0.08007292165362992,0.4644229455910535,1.0,1.0,1.0,1.0,0.0,0.0,0.0,0.0,0.0,0.0,0.0,0.0
92,Short,0.47400564925352007,0.0066761359049791556,0.42727269791866596,1.0,1.0,1.0,1.0,0.0,0.0,0.0,0.0,0.0,0.0,0.0,0.0
93,Long,0.7887772389878052,0.06465387204818075,0.32326936024090375,1.0,1.0,1.0,1.0,1.0,1.0,0.0,0.0,0.0,0.0,0.0,0.0
94,Long,0.03223868662705081,0.8289947989813066,-0.29245094297396096,0.0,0.0,0.0,0.0,0.0,0.0,0.0,0.0,0.0,0.0,0.0,0.0
95,Short,0.21954136809531316,0.6047743347531268,-0.48464792579531396,0.0,0.0,0.0,0.0,0.0,0.0,0.0,0.0,0.0,0.0,0.0,0.0
96,Short,2.0566599744047567,0.2370387767110567,2.0,1.0,1.0,1.0,1.0,1.0,1.0,1.0,1.0,0.0,0.0,0.0,0.0
97,Long,0.35147084743530954,1.1247067117929905,-0.9999999999999634,0.0,0.0,0.0,0.0,0.0,0.0,0.0,0.0,0.0,0.0,0.0,0.0
98,Short,1.5100266530587554,0.1559024568054762,1.318489348983456,1.0,1.0,1.0,1.0,1.0,1.0,0.0,0.0,0.0,0.0,0.0,0.0
99,Long,1.157538965994768,0.30304668208446717,1.1227631172309767,1.0,1.0,1.0,1.0,0.0,0.0,0.0,0.0,0.0,0.0,0.0,0.0
100,Long,0.2876642558672982,0.18797862264595724,0.21930839308695013,0.0,0.0,0.0,0.0,0.0,0.0,0.0,0.0,0.0,0.0,0.0,0.0
101,Long,0.1795006741965272,0.6853662105685585,-0.19581891730530243,0.0,0.0,0.0,0.0,0.0,0.0,0.0,0.0,0.0,0.0,0.0,0.0
102,Short,1.2140263240612155,2.3354032707598646,-0.9999999999999902,1.0,1.0,1.0,1.0,0.0,0.0,0.0,0.0,0.0,0.0,0.0,0.0
103,Long,0.0,0.45458015056759515,-0.38891857326338697,0.0,0.0,0.0,0.0,0.0,0.0,0.0,0.0,0.0,0.0,0.0,0.0
104,Long,1.1854172758161279,0.8929117142511093,-0.7543564482466268,0.0,1.0,0.0,1.0,0.0,0.0,0.0,0.0,0.0,0.0,0.0,0.0
105,Long,1.3186683176133052,0.3018638317428048,0.45120699060503455,1.0,1.0,1.0,1.0,0.0,0.0,0.0,0.0,0.0,0.0,0.0,0.0
106,Short,0.5444753665482016,0.4820875641312202,-0.06522361161775332,1.0,1.0,0.0,0.0,0.0,0.0,0.0,0.0,0.0,0.0,0.0,0.0
107,Long,0.6027231053119546,0.4853930074778941,-0.4355678974387725,1.0,1.0,0.0,0.0,0.0,0.0,0.0,0.0,0.0,0.0,0.0,0.0
108,Short,0.11124081793241895,1.0985030770826372,-0.9999999999999962,0.0,0.0,0.0,0.0,0.0,0.0,0.0,0.0,0.0,0.0,0.0,0.0
109,Long,0.3232767178254151,1.564953202200305,-1.0000000000000022,0.0,0.0,0.0,0.0,0.0,0.0,0.0,0.0,0.0,0.0,0.0,0.0
110,Short,0.670827668201658,0.3958299905537733,-0.19999831101664337,1.0,1.0,0.0,0.0,0.0,0.0,0.0,0.0,0.0,0.0,0.0,0.0
111,Long,0.9544824367142828,0.12527581981874963,0.5249653401928556,1.0,1.0,0.0,0.0,0.0,0.0,0.0,0.0,0.0,0.0,0.0,0.0
112,Long,0.35105709147756947,0.3173016019124185,-0.16877744782575455,0.0,1.0,0.0,0.0,0.0,0.0,0.0,0.0,0.0,0.0,0.0,0.0
113,Long,0.1054175560810599,1.185947505911924,-0.9999999999999947,0.0,0.0,0.0,0.0,0.0,0.0,0.0,0.0,0.0,0.0,0.0,0.0
114,Short,0.5277896895984796,0.5586710012239225,-0.23020614120784746,1.0,1.0,0.0,0.0,0.0,0.0,0.0,0.0,0.0,0.0,0.0,0.0
115,Long,0.6795316942996388,0.05547197504486847,0.42990780659773065,1.0,1.0,1.0,1.0,0.0,0.0,0.0,0.0,0.0,0.0,0.0,0.0
116,Short,1.7437070475728023,0.5222269837908392,1.2303313685919772,0.0,1.0,0.0,1.0,0.0,1.0,0.0,1.0,0.0,1.0,0.0,1.0
117,Short,1.6274803872117398,0.2567718476343348,1.4764381238974253,1.0,1.0,1.0,1.0,1.0,1.0,1.0,1.0,0.0,0.0,0.0,0.0
118,Long,2.5808859507703024,0.13921791435690428,2.0,1.0,1.0,1.0,1.0,1.0,1.0,1.0,1.0,1.0,1.0,0.0,0.0
119,Long,1.1688704984430058,0.3757083744995376,1.060332523587584,1.0,1.0,1.0,1.0,1.0,1.0,1.0,1.0,1.0,1.0,1.0,1.0
120,Short,0.18313438909383947,0.8115367046119161,0.10054437048289226,0.0,0.0,0.0,0.0,0.0,0.0,0.0,0.0,0.0,0.0,0.0,0.0
121,Long,0.8602214669810386,0.13891775243172053,0.7747336193307491,1.0,1.0,1.0,1.0,1.0,1.0,1.0,1.0,1.0,1.0,1.0,1.0
122,Long,0.04881585001729854,0.5654502627003748,-0.48409051267154385,0.0,1.0,0.0,1.0,0.0,0.0,0.0,0.0,0.0,0.0,0.0,0.0
123,Short,1.0604859165907545,0.7604800322920543,-0.6104770901427041,1.0,1.0,1.0,1.0,0.0,0.0,0.0,0.0,0.0,0.0,0.0,0.0
124,Short,1.3247030394329415,0.6380202394003555,0.9948790173700458,0.0,1.0,0.0,1.0,0.0,1.0,0.0,1.0,0.0,1.0,0.0,1.0
125,Long,1.9608513022216572,0.19649449375081324,1.6988586438872395,1.0,1.0,1.0,1.0,1.0,1.0,1.0,1.0,1.0,1.0,1.0,1.0
126,Long,0.0551418408707464,1.078329332583485,-0.9999999999999986,0.0,0.0,0.0,0.0,0.0,0.0,0.0,0.0,0.0,0.0,0.0,0.0
127,Short,0.5435847740545812,0.9891460642632542,-0.9356787094382135,0.0,1.0,0.0,0.0,0.0,0.0,0.0,0.0,0.0,0.0,0.0,0.0
128,Long,1.6028551491088978,0.9572607140511473,-0.1855156422579743,0.0,1.0,0.0,1.0,0.0,1.0,0.0,1.0,0.0,1.0,0.0,1.0
129,Short,0.25067726475761676,0.2155824476915504,-0.0025067726475761676,1.0,1.0,0.0,0.0,0.0,0.0,0.0,0.0,0.0,0.0,0.0,0.0
130,Short,0.31187064073077314,0.6164884758631562,-0.17406733436136174,0.0,1.0,0.0,1.0,0.0,1.0,0.0,1.0,0.0,0.0,0.0,0.0
131,Short,0.4519993033333639,0.6557172992019223,0.23554893272302063,0.0,1.0,0.0,0.0,0.0,0.0,0.0,0.0,0.0,0.0,0.0,0.0
132,Long,2.0169277227793323,0.1373535008344348,2.0,1.0,1.0,1.0,1.0,1.0,1.0,1.0,1.0,0.0,0.0,0.0,0.0
133,Short,0.5355360738257413,0.6069408836691734,0.3998669351232202,0.0,1.0,0.0,1.0,0.0,1.0,0.0,1.0,0.0,0.0,0.0,0.0
134,Short,0.7111974981498415,1.686226326258495,-1.000000000000011,0.0,1.0,0.0,0.0,0.0,0.0,0.0,0.0,0.0,0.0,0.0,0.0
135,Short,0.11732510018246527,0.08690748161664094,0.017381496323328187,1.0,1.0,0.0,0.0,0.0,0.0,0.0,0.0,0.0,0.0,0.0,0.0
136,Short,1.3942610406267517,0.3776123651697453,0.3098357868059448,1.0,1.0,1.0,1.0,1.0,1.0,1.0,1.0,1.0,1.0,1.0,1.0
137,Short,1.2614290924437834,0.7151409028027749,1.1422389419766543,1.0,1.0,1.0,1.0,0.0,1.0,0.0,1.0,0.0,1.0,0.0,1.0
138,Long,0.2946320471190802,0.9910350675823606,0.06026564600163004,0.0,0.0,0.0,0.0,0.0,0.0,0.0,0.0,0.0,0.0,0.0,0.0
139,Long,1.6199853238864625,0.04778717769576586,1.0704327803851552,1.0,1.0,1.0,1.0,1.0,1.0,0.0,0.0,0.0,0.0,0.0,0.0
140,Short,0.0,0.7297709553215969,-0.4928323334639355,0.0,0.0,0.0,0.0,0.0,0.0,0.0,0.0,0.0,0.0,0.0,0.0
141,Long,0.06251195103607937,1.7118657360649425,-1.0000000000000155,0.0,0.0,0.0,0.0,0.0,0.0,0.0,0.0,0.0,0.0,0.0,0.0
142,Long,0.08338704047685122,0.7087898440532353,-0.5524391431591393,0.0,0.0,0.0,0.0,0.0,0.0,0.0,0.0,0.0,0.0,0.0,0.0
143,Long,0.8555032293537423,0.4777485566520899,-0.27776078875121507,1.0,1.0,0.0,0.0,0.0,0.0,0.0,0.0,0.0,0.0,0.0,0.0
144,Long,0.010518951111825246,1.0624140622943499,-1.0000000000000173,0.0,0.0,0.0,0.0,0.0,0.0,0.0,0.0,0.0,0.0,0.0,0.0
145,Long,0.5866727744718446,0.7391153064212216,0.2124956505961012,1.0,1.0,0.0,0.0,0.0,0.0,0.0,0.0,0.0,0.0,0.0,0.0
146,Short,1.0109717395632298,0.0,0.2983770759127588,1.0,1.0,1.0,1.0,0.0,0.0,0.0,0.0,0.0,0.0,0.0,0.0
147,Long,0.223813403036171,0.24696651369508527,-0.1620717746123997,0.0,1.0,0.0,1.0,0.0,1.0,0.0,0.0,0.0,0.0,0.0,0.0
148,Long,0.6204576839028617,0.7445492206834341,0.4963661471222894,0.0,1.0,0.0,1.0,0.0,1.0,0.0,1.0,0.0,1.0,0.0,1.0
149,Long,0.040533446433723724,0.9246094040826585,0.03351190453181883,0.0,0.0,0.0,0.0,0.0,0.0,0.0,0.0,0.0,0.0,0.0,0.0
150,Long,0.4881766740158213,0.8165864365355556,0.03550375811024155,0.0,1.0,0.0,1.0,0.0,1.0,0.0,1.0,0.0,1.0,0.0,1.0
151,Long,1.1626102378890428,0.2591806262809968,1.021912183622216,1.0,1.0,1.0,1.0,1.0,1.0,1.0,1.0,0.0,0.0,0.0,0.0
152,Long,0.7727384789172316,0.3224008223297059,0.7062113251031653,1.0,1.0,1.0,1.0,0.0,0.0,0.0,0.0,0.0,0.0,0.0,0.0
153,Long,0.24155056066405584,1.1441868663034225,-0.9999999999999548,0.0,0.0,0.0,0.0,0.0,0.0,0.0,0.0,0.0,0.0,0.0,0.0
154,Short,1.2947096703235865,0.14297407402346354,0.1747460904731221,1.0,1.0,1.0,1.0,1.0,1.0,0.0,1.0,0.0,1.0,0.0,1.0
155,Long,1.2125173254858022,0.08109192304204409,1.0078567578082622,1.0,1.0,1.0,1.0,1.0,1.0,1.0,1.0,1.0,1.0,0.0,0.0
156,Long,1.6432433789429624,0.06507894570071138,1.5862993014548399,1.0,1.0,1.0,1.0,1.0,1.0,1.0,1.0,1.0,1.0,0.0,0.0
157,Short,0.10825144549394501,0.9742630094455051,-0.9201372866985327,0.0,0.0,0.0,0.0,0.0,0.0,0.0,0.0,0.0,0.0,0.0,0.0
158,Long,0.9973939305077921,0.16857362205765503,0.8709637139645509,1.0,1.0,1.0,1.0,1.0,1.0,1.0,1.0,1.0,1.0,1.0,1.0
159,Long,0.7799986371764954,0.24631535910836697,0.26273638304892477,1.0,1.0,1.0,1.0,1.0,1.0,1.0,1.0,0.0,0.0,0.0,0.0
160,Long,0.12671913818570776,0.08003313990676279,-0.0600248549300721,1.0,1.0,1.0,1.0,0.0,0.0,0.0,0.0,0.0,0.0,0.0,0.0
161,Long,1.5494902977445009,1.4293747707875628,-1.000000000000038,0.0,1.0,0.0,1.0,0.0,1.0,0.0,0.0,0.0,0.0,0.0,0.0
162,Long,2.2737127260878403,0.3981395701799383,2.0,1.0,1.0,1.0,1.0,1.0,1.0,1.0,1.0,1.0,1.0,1.0,1.0
163,Short,2.1279753419854552,0.0796994510106912,2.0,1.0,1.0,1.0,1.0,1.0,1.0,1.0,1.0,1.0,1.0,1.0,1.0
164,Long,0.347337482503776,0.8559387961700193,-0.5375461038748914,0.0,0.0,0.0,0.0,0.0,0.0,0.0,0.0,0.0,0.0,0.0,0.0
165,Long,0.22429439571762674,0.3440879934304501,0.19880639620426008,1.0,1.0,0.0,0.0,0.0,0.0,0.0,0.0,0.0,0.0,0.0,0.0
166,Short,0.33953443257999005,1.1481164318168737,-0.9999999999999885,0.0,0.0,0.0,0.0,0.0,0.0,0.0,0.0,0.0,0.0,0.0,0.0
167,Long,0.17757658412148838,1.2303520471274552,-0.9999999999999352,0.0,0.0,0.0,0.0,0.0,0.0,0.0,0.0,0.0,0.0,0.0,0.0
168,Long,0.03800592459096181,0.5130799819779844,-0.3658070241880075,0.0,1.0,0.0,1.0,0.0,1.0,0.0,1.0,0.0,1.0,0.0,1.0
169,Long,1.780437214067567,0.3902328140422065,1.4877626035359122,1.0,1.0,1.0,1.0,1.0,1.0,1.0,1.0,1.0,1.0,1.0,1.0
170,Long,0.5874193861546801,0.6545530302866436,-0.0839170551649543,0.0,1.0,0.0,0.0,0.0,0.0,0.0,0.0,0.0,0.0,0.0,0.0
171,Long,0.006173039750884984,1.0123785191451373,-0.9999999999999751,0.0,0.0,0.0,0.0,0.0,0.0,0.0,0.0,0.0,0.0,0.0,0.0
172,Long,2.14989105609624,0.09692131810269934,2.0,1.0,1.0,1.0,1.0,1.0,1.0,1.0,1.0,1.0,1.0,1.0,1.0
173,Short,1.119228275160329,0.11192282751603291,1.0315049779180332,1.0,1.0,1.0,1.0,1.0,1.0,1.0,1.0,1.0,1.0,0.0,0.0
174,Long,0.336634229677073,0.720836339634602,-0.24515753683004232,0.0,0.0,0.0,0.0,0.0,0.0,0.0,0.0,0.0,0.0,0.0,0.0
175,Short,0.27488091696970757,0.3018300264765416,0.0754575066191354,1.0,1.0,1.0,1.0,1.0,1.0,1.0,1.0,1.0,1.0,1.0,1.0
176,Long,0.8447463526506009,0.019645264015130254,0.6924955565333415,1.0,1.0,1.0,1.0,1.0,1.0,0.0,0.0,0.0,0.0,0.0,0.0
177,Short,0.7579178768416236,0.8457924132870293,-0.2416549752248655,1.0,1.0,0.0,0.0,0.0,0.0,0.0,0.0,0.0,0.0,0.0,0.0
178,Long,0.7694262845277658,0.08278637238589885,0.18992167782647384,1.0,1.0,0.0,0.0,0.0,0.0,0.0,0.0,0.0,0.0,0.0,0.0
179,Short,1.7666747366169877,0.06230593496601435,1.3265134541151442,1.0,1.0,1.0,1.0,1.0,1.0,0.0,0.0,0.0,0.0,0.0,0.0
180,Short,0.05484968219040407,1.1004217489449817,-1.0000000000000016,0.0,0.0,0.0,0.0,0.0,0.0,0.0,0.0,0.0,0.0,0.0,0.0
181,Long,0.0,1.227578278161725,-0.9999999999999921,0.0,0.0,0.0,0.0,0.0,0.0,0.0,0.0,0.0,0.0,0.0,0.0
182,Long,0.8887856562110166,0.36386526865014773,0.8351006165741096,1.0,1.0,1.0,1.0,1.0,1.0,0.0,0.0,0.0,0.0,0.0,0.0
183,Long,0.43399257853180456,0.8578923064000789,-0.7367780984377147,0.0,0.0,0.0,0.0,0.0,0.0,0.0,0.0,0.0,0.0,0.0,0.0
184,Long,0.0804859731767546,0.4829158390605276,-0.2287496079760394,0.0,1.0,0.0,0.0,0.0,0.0,0.0,0.0,0.0,0.0,0.0,0.0
185,Long,1.976042013220688,0.2378569089987865,1.4930095211000753,1.0,1.0,1.0,1.0,1.0,1.0,1.0,1.0,1.0,1.0,1.0,1.0
186,Long,0.25784162789862564,0.4199135082920475,0.044201421925478684,0.0,0.0,0.0,0.0,0.0,0.0,0.0,0.0,0.0,0.0,0.0,0.0
187,Long,1.169717084403801,0.25291180203325425,1.1539100967767224,1.0,1.0,1.0,1.0,1.0,1.0,1.0,1.0,0.0,0.0,0.0,0.0
188,Short,0.03950728947714689,0.8000226119122246,-0.711131210588644,0.0,0.0,0.0,0.0,0.0,0.0,0.0,0.0,0.0,0.0,0.0,0.0
189,Long,0.3262028933872383,0.3771720954789943,0.16310144669361915,0.0,1.0,0.0,1.0,0.0,1.0,0.0,1.0,0.0,0.0,0.0,0.0
190,Long,2.8856682726025,0.054446571181179244,2.0,1.0,1.0,1.0,1.0,1.0,1.0,1.0,1.0,1.0,1.0,0.0,0.0
191,Long,0.9042847457071479,0.4726942988923728,0.8152263995390198,1.0,1.0,1.0,1.0,1.0,1.0,1.0,1.0,1.0,1.0,1.0,1.0
192,Short,0.40103395170850925,0.7791516776051036,0.30936904846085,0.0,1.0,0.0,1.0,0.0,1.0,0.0,1.0,0.0,1.0,0.0,1.0
193,Long,0.3511150571017576,0.42792147584276713,0.2633362928263182,0.0,0.0,0.0,0.0,0.0,0.0,0.0,0.0,0.0,0.0,0.0,0.0
194,Long,1.733045483906845,0.014234459826750267,1.3843012181514633,1.0,1.0,1.0,1.0,1.0,1.0,1.0,1.0,1.0,1.0,0.0,0.0
195,Short,0.39906398983327046,0.8564182253725242,-0.7286280713247916,0.0,0.0,0.0,0.0,0.0,0.0,0.0,0.0,0.0,0.0,0.0,0.0
196,Long,0.19631832237652527,0.4925805179629179,-0.37835894858021235,1.0,1.0,1.0,1.0,1.0,1.0,0.0,0.0,0.0,0.0,0.0,0.0
197,Long,0.4199558629130987,0.15055021500658256,0.13470282395325808,0.0,0.0,0.0,0.0,0.0,0.0,0.0,0.0,0.0,0.0,0.0,0.0
198,Long,1.835860734825459,1.0348641721786822,-1.0000000000000089,0.0,0.0,0.0,0.0,0.0,0.0,0.0,0.0,0.0,0.0,0.0,0.0
199,Short,0.03042295620124532,1.1986644743290658,-1.0000000000000087,0.0,0.0,0.0,0.0,0.0,0.0,0.0,0.0,0.0,0.0,0.0,0.0
200,Short,0.14369337228667978,1.4848315136290242,-0.9999999999999807,0.0,0.0,0.0,0.0,0.0,0.0,0.0,0.0,0.0,0.0,0.0,0.0
201,Long,0.30428217485348147,0.30428217485348147,0.15214108742674073,0.0,0.0,0.0,0.0,0.0,0.0,0.0,0.0,0.0,0.0,0.0,0.0
202,Short,0.12651968712307435,1.8187205023941937,-1.0000000000000193,0.0,0.0,0.0,0.0,0.0,0.0,0.0,0.0,0.0,0.0,0.0,0.0
203,Long,0.04947471991525316,0.48485225516948094,-0.3413755674152468,0.0,0.0,0.0,0.0,0.0,0.0,0.0,0.0,0.0,0.0,0.0,0.0
204,Long,0.9269152772000403,0.004943548145066882,0.7662499624853667,1.0,1.0,1.0,1.0,1.0,1.0,0.0,0.0,0.0,0.0,0.0,0.0
205,Long,2.735055453593808,0.11396064389974199,2.0,1.0,1.0,1.0,1.0,1.0,1.0,1.0,1.0,1.0,1.0,0.0,0.0
206,Long,0.16362193513610898,1.0677024580915586,-0.9999999999999915,0.0,0.0,0.0,0.0,0.0,0.0,0.0,0.0,0.0,0.0,0.0,0.0
207,Short,1.7001531530981517,0.43454393689409626,1.1026552398687692,1.0,1.0,1.0,1.0,1.0,1.0,1.0,1.0,1.0,1.0,0.0,0.0
208,Long,0.370941205679264,2.0927727723397282,-0.9999999999999837,0.0,0.0,0.0,0.0,0.0,0.0,0.0,0.0,0.0,0.0,0.0,0.0
209,Long,0.1475257681078301,1.065463880778773,-0.9999999999999972,0.0,0.0,0.0,0.0,0.0,0.0,0.0,0.0,0.0,0.0,0.0,0.0
