fold,marker_bar_timestamp,signal_type,direction,score,threshold,entry_i,entry_price,stop,target,realized_R,MFE_R,MAE_R,net_R
1,2020-01-08 14:45:00-06:00,MRL,Long,0.9834236890922076,0.9746126690830482,47100,8705.0,8693.728305101737,8733.179237245657,1.5747409915021637,2.0405094537774517,0.22179450584537516,1.5104205848070091
1,2020-02-20 10:00:00-06:00,MRL,Long,0.9806464587480356,0.9746126690830482,49872,9437.0,9425.05230502223,9466.869237444429,-1.0,0.020924538202985624,4.833568324889679,-1.0606811607886617
1,2020-02-20 10:15:00-06:00,MRL,Long,0.977419819409465,0.9746126690830482,49873,9380.5,9366.298568949212,9416.003577626969,-1.0,0.49290807207852905,6.2141624801328845,-1.0510511931795632
1,2020-03-16 14:45:00-05:00,MRL,Long,0.9894575194256839,0.9746126690830482,51382,6719.5,6634.336353841517,6932.409115396209,1.2270493891904648,2.2603541379824352,0.03522629825427172,1.218536367112349
1,2020-05-05 14:15:00-05:00,MRL,Long,0.9931019801211098,0.9746126690830482,54519,8738.0,8722.0312974369,8777.921756407748,-1.0,0.37573497134732436,4.00783969437146,-1.0454013090378014
1,2020-05-19 13:45:00-05:00,MRL,Long,0.985763060594445,0.9746126690830482,55427,9141.25,9123.83990868475,9184.775228288127,2.5,3.187806370170188,0.5456605498489511,2.458357484353633
1,2020-05-28 14:15:00-05:00,MRL,Long,0.9774086013068141,0.9746126690830482,56051,9255.75,9233.300862520045,9311.872843699886,-1.0,0.42317884188124194,1.0468108193904406,-1.0322952274067265
1,2020-06-04 10:00:00-05:00,MRL,Long,0.9801911015926622,0.9746126690830482,56489,9454.5,9438.021179937059,9495.697050157354,-1.0,0.2123938477774272,1.6991507822194176,-1.0439958684681827
1,2020-06-16 09:45:00-05:00,MRL,Long,0.9848469953957026,0.9746126690830482,57216,9630.75,9602.99993900586,9700.125152485352,-1.0,2.459454053611302,1.5765731112892962,-1.0261260687013662
1,2020-06-19 11:00:00-05:00,MRL,Long,0.9756250717140822,0.9746126690830482,57494,9790.75,9773.328390924788,9834.30402268803,-1.0,0.717499741042028,2.9704489279139956,-1.0416149849804364
1,2020-06-19 15:00:00-05:00,MRL,Long,0.9797261322416634,0.9746126690830482,57510,9722.0,9696.180968006085,9786.547579984786,-1.0,1.1038368908144076,2.9435650421717536,-1.0280800612575587
1,2020-07-09 09:30:00-05:00,MRL,Long,0.9816615052460687,0.9746126690830482,58739,10451.25,10432.337801830558,10498.530495423607,-1.0,0.8063578788340015,3.1725555888550874,-1.0383350466986658
1,2020-07-16 15:00:00-05:00,MRL,Long,0.9830331508528142,0.9746126690830482,59216,10320.25,10290.66242894988,10394.2189276253,0.8111514108185857,0.8702978678574408,0.0,0.7866478786167745
1,2020-08-19 13:00:00-05:00,MRL,Long,0.9847412400060864,0.9746126690830482,61392,11180.75,11166.7851049351,11215.66223766225,-1.0,0.4654528351120408,4.797744608077959,-1.0519158931471109
1,2020-08-26 13:30:00-05:00,MRL,Long,0.9964905170324829,0.9746126690830482,61849,11695.25,11675.302307497845,11745.119231255387,-1.0,1.3159416808317388,1.2407450133556395,-1.03634505594678
1,2020-08-31 14:45:00-05:00,MRL,Long,0.976319096413792,0.9746126690830482,62127,11895.25,11874.955840351746,11945.985399120635,0.6528971994728481,1.478257810127203,0.5050714184601277,0.6171726357281074
1,2020-09-15 09:30:00-05:00,MRL,Long,0.9865852739893313,0.9746126690830482,63092,11189.75,11169.275202086144,11240.936994784637,2.5,3.7118803477211473,0.08547092905936853,2.464590615103977
1,2020-10-06 13:45:00-05:00,MRL,Long,0.9994494820545883,0.9746126690830482,64474,11161.0,11128.67588726699,11241.810281832524,-1.0,0.015468328678652301,3.2483490225169835,-1.022429076584046
1,2020-10-26 09:45:00-05:00,MRL,Long,0.9930428219813981,0.9746126690830482,65732,11353.75,11330.153955973221,11412.740110066949,-1.0,0.052974981678342414,2.0130493037770116,-1.030725489373439
1,2020-11-18 14:30:00-06:00,MRL,Long,0.985218206660549,0.9746126690830482,67298,11752.0,11731.758937550923,11802.602656122692,-1.0,0.4075873003581519,2.18615006555736,-1.035818277910262
1,2020-11-26 11:15:00-06:00,MRL,Long,0.9790859752498994,0.9746126690830482,67831,11968.25,11960.346626404813,11988.008433987969,-1.0,1.4867068927571403,2.245876369909723,-1.091732978489275
1,2020-11-30 09:30:00-06:00,MRL,Long,0.985309113406721,0.9746126690830482,67977,11916.5,11893.453964845921,11974.115087885197,2.5,3.026550967820365,0.5640883524253011,2.4685412264993576
1,2020-12-23 14:45:00-06:00,MRL,Long,0.9822562109813645,0.9746126690830482,69545,12646.25,12632.414859915883,12680.837850210293,-1.0,0.7770069500301601,1.915412481469697,-1.0524027943043623
1,2020-02-28 14:45:00-06:00,MRS,Short,0.9859351863028972,0.9800159852906951,50437,8251.0,8323.792868909062,8069.017827727345,-1.0,0.42586589132415514,1.3600233303577858,-1.009959766813226
1,2020-03-12 11:45:00-05:00,MRS,Short,0.9973673968316742,0.9800159852906951,51236,7369.5,7427.189950392946,7225.275124017633,-1.0,1.508061619179984,3.7918215999496723,-1.0125671801598333
1,2020-06-04 12:30:00-05:00,MRS,Short,0.9888956191376429,0.9800159852906951,56499,9454.75,9472.67775977604,9409.930600559903,0.571739030868733,0.8785258279202482,0.3067867970515153,0.5312989530755792
1,2020-06-10 13:00:00-05:00,MRS,Short,0.9877112532448091,0.9800159852906951,56865,9905.25,9924.867089686937,9856.207275782659,-1.0,0.21664783450677674,1.4018389291614965,-1.0369575717688018
1,2020-06-29 14:45:00-05:00,MRS,Short,0.9823740763208194,0.9800159852906951,58055,9753.25,9773.912000850441,9701.594997873895,-1.0,0.0,1.2583486075814294,-1.0350885669421754
1,2020-07-30 15:00:00-05:00,MRS,Short,0.9835084942725304,0.9800159852906951,60126,10596.0,10623.129277909231,10528.176805226924,-1.0,0.0,3.5846881116917437,-1.0267238959483442
1,2020-10-08 10:00:00-05:00,MRS,Short,0.9807795607894366,0.9800159852906951,64641,11367.25,11386.372108835523,11319.444727911192,2.5,2.8108824430571673,0.16996033376624733,2.462085771698299
1,2020-11-24 09:30:00-06:00,MRS,Short,0.9967723807842375,0.9800159852906951,67642,11788.5,11805.442623630232,11746.143440924421,-1.0,0.4279148352834564,2.434687855923114,-1.042791483528345
1,2020-12-18 14:45:00-06:00,MRS,Short,0.9857901263002,0.9800159852906951,69272,12698.75,12721.064196606996,12642.96450848251,-1.0,0.16805444829791788,1.9270243404827918,-1.0324905266709308
2,2021-01-12 11:00:00-06:00,MRL,Long,0.9828297847225084,0.9787128429854993,70608,12781.75,12756.356758615155,12845.233103462113,2.3529883048195366,2.441594558975921,0.7186951726017832,2.3244374007024797
2,2021-01-25 09:45:00-06:00,MRL,Long,0.9995022887779731,0.9787128429854993,71407,13345.25,13321.3940679087,13404.889830228249,-1.0,1.5614564904628403,6.706927207357166,-1.0303907639083374
2,2021-02-09 14:45:00-06:00,MRL,Long,0.9812117018908513,0.9787128429854993,72428,13676.75,13663.643458201934,13709.516354495165,1.297062204654864,1.4496577581436716,0.09537222093050471,1.2417463165151743
2,2021-02-11 11:15:00-06:00,MRL,Long,0.995536876129317,0.9787128429854993,72596,13645.75,13626.578042936393,13693.679892659018,-1.0,1.8647026947426757,1.3039878984214515,-1.0378156490542234
2,2021-04-20 09:30:00-05:00,MRL,Long,0.9814112166345117,0.9787128429854993,76912,13831.75,13810.486087924291,13884.909780189273,-1.0,0.29392521835809093,1.81057934508584,-1.0340953253295393
2,2021-04-22 12:00:00-05:00,MRL,Long,0.997069093560601,0.9787128429854993,77104,13862.75,13841.403035868547,13916.117410328634,-1.0,0.03513380148022684,3.4782463465424565,-1.0339626747642192
2,2021-04-22 12:30:00-05:00,MRL,Long,0.9797760659027126,0.9787128429854993,77106,13772.0,13745.094964600941,13839.262588497648,-1.0,0.8548585667649521,1.8398043067332663,-1.0269466287349827
2,2021-05-31 11:15:00-05:00,MRL,Long,0.9868339149757893,0.9787128429854993,79558,13664.75,13658.383882714865,13680.66529321284,2.5,3.573606796896261,0.9032193003144395,2.3861158273516483
2,2021-06-16 13:00:00-05:00,MRL,Long,0.998968319411574,0.9787128429854993,80642,13925.75,13905.968423703496,13975.20394074126,-1.0,1.0615938631600155,2.805640924065755,-1.0366502643233815
2,2021-06-17 11:15:00-05:00,MRL,Long,0.9905267298820891,0.9787128429854993,80726,14088.75,14061.990566575898,14155.648583560254,2.5,2.7466949256780273,0.5418649853378421,2.472906750733108
2,2021-07-29 15:00:00-05:00,MRL,Long,0.9841635482992938,0.9787128429854993,83478,14993.5,14976.368316010283,15036.329209974292,-1.0,0.3356354228487568,3.837918096053176,-1.0423192489678867
2,2021-08-10 09:30:00-05:00,MRL,Long,0.9937929637249501,0.9787128429854993,84192,15038.25,15023.780357897182,15074.424105257045,-1.0,1.9523634240060093,1.8314205570321855,-1.0501049020320126
2,2021-08-18 13:00:00-05:00,MRL,Long,0.9800600421083154,0.9787128429854993,84758,14966.25,14947.78207996624,15012.419800084399,-1.0,2.382509774764443,1.4619946345145445,-1.0392572633341866
2,2021-09-09 12:15:00-05:00,MRL,Long,0.9891893061700076,0.9787128429854993,86211,15599.0,15581.90347753637,15641.741306159072,-1.0,0.043868570441476934,1.564645679079344,-1.0424062847600934
2,2021-11-10 12:00:00-06:00,MRL,Long,0.9820419574497948,0.9787128429854993,90258,16066.25,16037.33112867427,16138.547178314326,-1.0,1.0460297588822265,1.3486003502944408,-1.0250701347170126
2,2021-11-15 10:30:00-06:00,MRL,Long,0.9885460973701186,0.9787128429854993,90528,16126.25,16106.220714109006,16176.323214727487,-1.0,1.909703631380932,1.1358368003638222,-1.0361969969346725
2,2021-11-17 11:15:00-06:00,MRL,Long,0.9853977914961732,0.9787128429854993,90715,16330.75,16312.375930727027,16376.685173182434,-1.0,1.51028058007909,1.1565211649254292,-1.0394577809209857
2,2021-11-22 10:00:00-06:00,MRL,Long,0.9811676540906606,0.9787128429854993,90986,16675.5,16655.976332820268,16724.30916794933,-1.0,0.20487954251506407,2.612214167067067,-1.0371344170808565
2,2021-11-22 14:45:00-06:00,MRL,Long,0.9919724759187394,0.9787128429854993,91005,16404.5,16369.109301811026,16492.976745472435,-0.06357602746308601,0.664016286836676,0.52980022885905,-0.08406163631230258
2,2021-11-30 09:45:00-06:00,MRL,Long,0.998060005760801,0.9787128429854993,91506,16166.5,16125.6847487291,16268.538128177252,-1.0,1.8314232467629847,1.0596529153511582,-1.017762967945193
2,2021-12-02 09:30:00-06:00,MRL,Long,0.9878624472615356,0.9787128429854993,91689,15795.75,15744.567723736916,15923.705690657707,2.5,2.598555783575632,0.22957165757153142,2.4858349402775013
2,2021-01-26 15:00:00-06:00,MRS,Short,0.9945985338654342,0.9882448284637914,71519,13565.25,13587.531868628925,13509.545328427686,-0.10097896354523546,1.2117475625428256,0.3141567754740659,-0.13351662957647925
2,2021-02-17 09:45:00-06:00,MRS,Short,0.9934253577546117,0.9882448284637914,72939,13648.0,13674.17003277503,13582.574918062428,2.5,3.9549052494408556,0.21016404707173628,2.472296557431454
2,2021-03-04 09:30:00-06:00,MRS,Short,0.9926295455234082,0.9882448284637914,73939,12706.5,12754.978489306512,12585.30377673372,-1.0,0.8354220723325975,1.170622286540121,-1.014955086480028
2,2021-03-17 13:00:00-05:00,MRS,Short,0.9938130076677354,0.9882448284637914,74772,13146.75,13180.392408282516,13062.643979293709,-1.0,2.2441913006339624,2.4968485993808325,-1.021550181363704
2,2021-04-09 14:15:00-05:00,MRS,Short,0.9915372894122109,0.9882448284637914,76294,13804.75,13820.348252905529,13765.754367736175,-1.0,0.16027435990050895,1.1860302632637663,-1.0464795643711489
2,2021-04-28 13:30:00-05:00,MRS,Short,0.9914601653849722,0.9882448284637914,77474,13979.25,13999.063272207595,13929.716819481013,2.5,3.835812641329702,0.49209438490742885,2.4634083662504733
2,2021-05-11 10:15:00-05:00,MRS,Short,0.9933246135808866,0.9882448284637914,78280,13316.5,13358.195296940972,13212.26175764757,-0.37774044449898314,0.8514149701405652,0.6835303281410171,-0.3951284967060793
2,2021-06-03 09:45:00-05:00,MRS,Short,0.9983684126162631,0.9882448284637914,79810,13585.5,13611.59523686547,13520.261907836324,-1.0,0.1532846787565608,1.178375967941061,-1.0277828480246263
2,2021-08-16 10:30:00-05:00,MRS,Short,0.9956332302828054,0.9882448284637914,84564,15013.0,15033.47755929038,14961.806101774051,-1.0,0.7080921995821982,1.1353892165714556,-1.0354046099791085
2,2021-08-17 09:30:00-05:00,MRS,Short,0.9937568412345298,0.9882448284637914,84652,15064.25,15086.734955250744,15008.037611873142,2.5,2.646213849948992,0.3557934588166712,2.46775621779474
2,2021-09-22 13:00:00-05:00,MRS,Short,0.9967281526448024,0.9882448284637914,87042,15226.75,15249.6062036539,15169.609490865249,2.5,3.172005338149336,0.9406636520029065,2.468279946618507
2,2021-11-16 10:00:00-06:00,MRS,Short,0.9912821619097401,0.9882448284637914,90618,16302.5,16324.008479419672,16248.728801450821,-1.0,0.0,1.197202252077798,-1.0337076362235496
2,2021-12-15 13:00:00-06:00,MRS,Short,0.9911579559073092,0.9882448284637914,92531,16004.25,16042.25146741346,15909.246331466347,2.5,2.677528183134278,0.6118184791928448,2.4809217893585025
2,2021-12-21 10:00:00-06:00,MRS,Short,0.997501739355576,0.9882448284637914,92887,15761.0,15791.563930314853,15684.590174212866,-1.0,1.0715244951361569,1.8240455146210917,-1.0237207712663734
3,2022-01-05 13:00:00-06:00,MRL,Long,0.9927617209908736,0.982505583120832,93819,16005.0,15970.402824725094,16091.492938187268,-1.0,0.6720201812794485,2.7025327720270296,-1.0209554680183919
3,2022-02-02 15:00:00-06:00,MRL,Long,0.9980844158532756,0.982505583120832,95651,14877.75,14823.91195948461,15012.345101288473,0.12537603403434702,0.5432961474821704,0.5850881588269528,0.11190971926769495
3,2022-03-16 13:00:00-05:00,MRL,Long,0.9950977577961745,0.982505583120832,98387,13551.5,13508.0917545654,13660.020613586501,-1.0,3.616824371225463,1.4570964425478379,-1.0167018959817735
3,2022-04-19 15:00:00-05:00,MRL,Long,0.9980608140054923,0.982505583120832,100511,14091.5,14056.065328537337,14180.086678656655,0.8325179487295192,1.051230291192359,0.0,0.8120577618539635
3,2022-04-28 15:00:00-05:00,MRL,Long,0.9901912018859037,0.982505583120832,101155,13316.25,13267.420927846044,13438.322680384888,2.5,3.512251870346222,0.4095920548508714,2.485152288011656
3,2022-06-06 10:00:00-05:00,MRL,Long,0.9934292790374983,0.982505583120832,103603,12718.0,12688.14864330434,12792.628391739154,-1.0,0.03349931496230233,2.0853323564033204,-1.0242870033476699
3,2022-06-15 13:00:00-05:00,MRL,Long,0.9954543205064327,0.982505583120832,104259,11474.5,11433.088355714099,11578.029110714753,-1.0,6.049023271584633,2.686442470913335,-1.0175071531812327
3,2022-07-21 15:00:00-05:00,MRL,Long,0.9876531855442089,0.982505583120832,106627,12562.5,12530.392193080575,12642.76951729856,0.062290146599519654,0.2880919280227784,0.7786268324939957,0.03970996845719408
3,2022-08-16 13:30:00-05:00,MRL,Long,0.995985826481657,0.982505583120832,108277,13611.75,13586.885673246934,13673.910816882664,-1.0,0.2915823972232047,1.5584576403309218,-1.0291582397223202
3,2022-08-31 14:45:00-05:00,MRL,Long,0.9832348310328688,0.982505583120832,109294,12273.5,12236.893277650996,12365.01680587251,0.689764020915877,0.7785455285585147,0.06829346741741356,0.6699589153648273
3,2022-09-08 11:00:00-05:00,MRL,Long,0.9939657891730935,0.982505583120832,109815,12166.75,12127.916407704652,12263.83398073837,1.3905486669712033,1.8733780652250933,0.9527833458876763,1.3718792635720527
3,2022-09-15 09:45:00-05:00,MRL,Long,0.9883922131164775,0.982505583120832,110270,11923.5,11889.107992303952,12009.480019240118,1.3084435313490639,1.7155148522132173,0.7123748115122681,1.287363052232885
3,2022-09-21 13:00:00-05:00,MRL,Long,0.9998809123578061,0.982505583120832,110651,11709.75,11675.686271796194,11794.909320509516,2.5,2.7301767863920574,0.19081880765105777,2.4787163637619973
3,2022-10-18 13:30:00-05:00,MRL,Long,0.9883757330582109,0.982505583120832,112401,11024.75,10983.710174813534,11127.349562966165,0.9381131577698901,1.0599460354023433,0.7858220607293236,0.9204473905131845
3,2022-10-25 15:00:00-05:00,MRL,Long,0.9991156710364806,0.982505583120832,112867,11504.0,11475.252606859454,11575.868482851365,-1.0,0.1391430513523078,1.8523418711275978,-1.0252196780576062
3,2022-10-27 15:00:00-05:00,MRL,Long,0.9974172773887531,0.982505583120832,113051,10969.75,10928.687120581224,11072.407198546938,-1.0,0.10349980469359715,1.6194675322645202,-1.0176558490359664
3,2022-11-02 13:45:00-05:00,MRL,Long,0.9950909876849504,0.982505583120832,113414,11071.0,11015.838672997943,11208.903317505145,-1.0,1.5182738442256036,3.063740652825397,-1.013143266114192
3,2022-11-08 12:15:00-06:00,MRL,Long,0.9957516209515949,0.982505583120832,113776,11012.25,10984.230629412215,11082.298426469462,-1.0,0.7316367059628799,1.0796102612379082,-1.025874956674297
3,2022-11-23 10:45:00-06:00,MRL,Long,0.9892249828544856,0.982505583120832,114782,11696.75,11673.82191486998,11754.070212825045,0.17445852880069204,1.3629572562554066,0.13084389660051904,0.14283792045556784
3,2022-11-29 10:00:00-06:00,MRL,Long,0.9899550768681166,0.982505583120832,115116,11428.25,11403.642559501068,11489.768601247331,-1.0,0.02031905756397928,2.123341515435835,-1.0294626334677701
3,2022-12-14 13:00:00-06:00,MRL,Long,0.9994189015093768,0.982505583120832,116140,11688.5,11655.587657379177,11770.780856552057,-1.0,0.3190292505449559,1.2077535913487616,-1.022028210156676
3,2022-01-04 13:30:00-06:00,MRS,Short,0.9891039384301573,0.9878417369220868,93729,16237.0,16266.664859288456,16162.837851778859,-1.0,0.3792365873239687,1.6180761059155997,-1.0244396911831009
3,2022-01-28 09:45:00-06:00,MRS,Short,0.9953345711678119,0.9878417369220868,95354,14165.75,14231.179304669722,14002.176738325696,-1.0,0.8979157014821106,1.723233963269923,-1.011080661848077
3,2022-02-03 15:00:00-06:00,MRS,Short,0.9971998850013275,0.9878417369220868,95743,14716.0,14766.944106334036,14588.63973416491,-1.0,0.24536695016374716,2.139599805427875,-1.014231283109497
3,2022-02-22 13:45:00-06:00,MRS,Short,0.9934715681966816,0.9878417369220868,96918,13947.5,13999.634895244322,13817.162761889194,-1.0,0.11508606609607468,1.6543622001310734,-1.013906232986609
3,2022-03-02 10:00:00-06:00,MRS,Short,0.989061288736146,0.9878417369220868,97455,14193.0,14246.209931938807,14059.975170152982,0.15034787131846453,0.6906605338691963,0.9631660506339134,0.13672259548022872
3,2022-03-08 09:45:00-06:00,MRS,Short,0.9942095255240312,0.9878417369220868,97822,13335.0,13394.312499553562,13186.718751116096,2.5,3.2961011839242436,0.49736565179419534,2.487776606862685
3,2022-03-08 11:00:00-06:00,MRS,Short,0.9906006340859431,0.9878417369220868,97827,13479.5,13551.962109159764,13298.344727100592,-1.0,0.3174072665934965,1.314480093175241,-1.0100052290556645
3,2022-04-01 14:45:00-05:00,MRS,Short,0.9943160867866464,0.9878417369220868,99498,14885.0,14920.25471332797,14796.863216680074,0.4680225264208661,0.8651325488385706,0.09218625520410999,0.44745790025994886
3,2022-05-04 13:45:00-05:00,MRS,Short,0.9892620062182016,0.9878417369220868,101518,13362.25,13426.543776501761,13201.515558745596,-1.0,0.4393893396388975,1.4659272658749058,-1.0112763635836532
3,2022-05-06 09:45:00-05:00,MRS,Short,0.9884670943673812,0.9878417369220868,101686,12865.25,12930.084896179438,12703.162759551406,-1.0,1.311022381600689,1.3688616043183663,-1.0111822497254175
3,2022-05-20 14:15:00-05:00,MRS,Short,0.9900804263434336,0.9878417369220868,102624,11701.25,11753.178453813376,11571.428865466558,-1.0,0.5536463708956832,2.537144673582827,-1.0139615171791085
3,2022-06-15 13:30:00-05:00,MRS,Short,0.9988354853919256,0.9878417369220868,104261,11710.75,11771.208892266925,11559.602769332689,2.5,2.6257510524526615,0.5747707028203464,2.4880083810202946
3,2022-06-15 13:45:00-05:00,MRS,Short,0.9903534076924778,0.9878417369220868,104262,11585.5,11652.006471390716,11419.23382152321,-1.0,0.22554196135105653,1.2517578854983638,-1.0109011947986344
3,2022-07-27 13:30:00-05:00,MRS,Short,0.9987496741187176,0.9878417369220868,106989,12584.75,12615.135663875732,12508.78584031067,-1.0,1.1354038582501984,1.0449006521577913,-1.0238599361516352
3,2022-08-17 13:00:00-05:00,MRS,Short,0.9917371514492407,0.9878417369220868,108367,13571.5,13600.77499458654,13498.31251353365,-1.0,1.6823231121157696,1.2467978394360526,-1.0247651625641407
3,2022-09-21 13:30:00-05:00,MRS,Short,0.9996164055326514,0.9878417369220868,110653,11992.0,12041.669107481854,11867.827231295367,-1.0,2.1542565474745587,1.1979277063059461,-1.014596598102047
3,2022-11-02 13:00:00-05:00,MRS,Short,0.9976494908201894,0.9878417369220868,113411,11293.0,11324.668095718547,11213.829760703633,-1.0,1.7288693480844641,1.7288693480844641,-1.0228937036960952
3,2022-11-02 13:30:00-05:00,MRS,Short,0.995940802447351,0.9878417369220868,113413,11229.5,11275.217006002216,11115.20748499446,2.5,4.385676524623696,0.8038584153612011,2.484141568676548
3,2022-11-30 12:30:00-06:00,MRS,Short,0.9980844415904728,0.9878417369220868,115218,11594.5,11623.102643404505,11522.993391488737,-1.0,1.8879373922304732,2.9280510481352247,-1.0253473075808723
3,2022-12-01 09:45:00-06:00,MRS,Short,0.9963543769366027,0.9878417369220868,115299,11984.0,12016.614641838985,11902.463395402538,0.7205352772542114,2.077287873786078,0.11497903360439544,0.6983059974240284
3,2022-12-22 13:00:00-06:00,MRS,Short,0.9931122793067053,0.9878417369220868,116692,10736.0,10760.348005622473,10675.129985943817,-1.0,1.4374894002691951,1.879004001780448,-1.0297765661484342
4,2023-01-18 09:30:00-06:00,MRL,Long,0.9924633300798781,0.9818102157101216,118226,11417.0,11391.864833742175,11479.837915644563,-1.0,0.5370961091533409,1.6311807759471835,-1.0288440503063823
4,2023-02-02 15:00:00-06:00,MRL,Long,0.9972353513205783,0.9818102157101216,119260,12497.75,12448.280961806071,12621.422595484823,-1.0,0.6771912538237169,1.79910512209883,-1.0146556316126027
4,2023-02-07 12:15:00-06:00,MRL,Long,0.9844846377740178,0.9818102157101216,119525,12337.75,12298.289519566402,12436.401201083996,-1.0,0.044348167603909,2.230079285225138,-1.0183728122930484
4,2023-02-27 09:30:00-06:00,MRL,Long,0.9844553312478407,0.9818102157101216,120786,11894.75,11873.704531925725,11947.36367018569,-1.0,0.16630658855614178,1.1403880358135436,-1.034449221915202
4,2023-04-03 09:45:00-05:00,MRL,Long,0.9880222589536499,0.9818102157101216,123087,12840.5,12821.167735956918,12888.830660107704,-1.0,0.556065237679551,1.306106721061271,-1.0375020741690861
4,2023-04-24 09:30:00-05:00,MRL,Long,0.9958034939126987,0.9818102157101216,124435,12673.75,12653.977350539746,12723.181623650635,-0.7206924913449185,0.9482795938748928,0.8218423146915738,-0.7573593023080807
4,2023-05-03 14:00:00-05:00,MRL,Long,0.9865988092137195,0.9818102157101216,125097,12820.75,12785.427576162725,12909.056059593186,-1.0,0.9908719786965974,1.0687262055941873,-1.0205252052730007
4,2023-06-14 13:00:00-05:00,MRL,Long,0.9918481140790509,0.9818102157101216,127837,14520.5,14494.691802617257,14585.02049345686,-1.0,0.23248427276876943,1.9954900079319375,-1.028091849626227
4,2023-07-20 11:15:00-05:00,MRL,Long,0.9851066769417097,0.9818102157101216,130175,15189.5,15163.100182901264,15255.499542746842,-1.0,0.2746231147316159,1.0700831711956067,-1.027462311473162
4,2023-07-25 13:45:00-05:00,MRL,Long,0.98328578778678,0.9818102157101216,130461,15165.0,15147.528185756915,15208.67953560771,0.27186644351374367,1.8029037833016683,0.14308760184933877,0.23037103897743733
4,2023-07-25 15:00:00-05:00,MRL,Long,0.9865792379256076,0.9818102157101216,130466,15191.75,15168.32253834292,15250.3186541427,0.5122193849103374,0.6829591798804497,0.4161782502396491,0.4812727970720047
4,2023-07-26 09:45:00-05:00,MRL,Long,0.9855255688231819,0.9818102157101216,130537,15014.25,14995.090770087634,15062.148074780913,-1.0,0.6002328931069377,1.1743687039048782,-1.037840769348045
4,2023-10-10 12:00:00-05:00,MRL,Long,0.9942961651653988,0.9818102157101216,135498,14551.5,14529.230537714022,14607.173655714943,0.9991260549658825,1.6165635046638998,0.6174374496980173,0.9665702621636245
4,2023-10-12 12:00:00-05:00,MRL,Long,0.9939616340784586,0.9818102157101216,135682,14617.25,14589.99430824727,14685.389229381826,-1.0,0.009172396073012968,1.0823427366155303,-1.0265999486117376
4,2023-11-16 09:30:00-06:00,MRL,Long,0.9881930602554483,0.9818102157101216,137972,15116.25,15096.245003460977,15166.26249134756,-1.0,1.4496378413977815,1.274681550194601,-1.036240946034946
4,2023-02-01 13:30:00-06:00,MRS,Short,0.9992674009129873,0.9883004547863056,119162,12105.5,12143.25976426438,12011.10058933905,-1.0,0.6488387964622948,1.886929152977082,-1.0192003317320475
4,2023-02-02 14:45:00-06:00,MRS,Short,0.9896931098440395,0.9883004547863056,119259,12645.75,12684.572425747308,12548.69393563173,-1.0,4.018296049180219,2.4341601067149403,-1.0186747733054848
4,2023-02-07 11:45:00-06:00,MRS,Short,0.9925091994054591,0.9883004547863056,119523,12532.5,12564.508530562043,12452.478673594891,2.5,2.8351816970821573,0.7029376108468159,2.477349788094936
4,2023-03-22 13:45:00-05:00,MRS,Short,0.996425136731329,0.9883004547863056,122367,12583.0,12620.275313145625,12489.811717135937,2.5,2.749809226271517,0.6639783253680005,2.4805501298629573
4,2023-04-25 15:00:00-05:00,MRS,Short,0.9987567305461492,0.9883004547863056,124549,12581.0,12606.906835282389,12516.23291179403,0.038599851703222894,1.0325460330612124,0.05789977755483434,0.010614959218387125
4,2023-04-28 09:30:00-05:00,MRS,Short,0.98865575962082,0.9883004547863056,124803,12908.75,12930.726182050963,12853.809544872593,2.5,2.9122438033860547,0.9100761885581421,2.4670097381647675
4,2023-05-24 15:15:00-05:00,MRS,Short,0.9923487699517405,0.9883004547863056,126482,13432.25,13461.956829549476,13357.982926126313,-1.0,0.02524671974001517,1.556881050634269,-1.0244051624153476
4,2023-06-01 09:30:00-05:00,MRS,Short,0.9890422714675839,0.9883004547863056,126995,14021.5,14044.92782792035,13962.930430199125,-1.0,0.37348746242068265,1.0137516837132814,-1.0309461040291426
4,2023-06-02 09:30:00-05:00,MRS,Short,0.9912536532410146,0.9883004547863056,127087,14225.5,14253.905814375152,14154.48546406212,-1.0,0.4048466925862751,1.443366469220633,-1.0255229436630482
4,2023-06-22 10:30:00-05:00,MRS,Short,0.9905130604501806,0.9883004547863056,128363,14647.0,14675.16164740411,14576.595881489726,1.5890405613653558,2.1128025341058922,0.38172482759056037,1.5632963288069222
4,2023-06-27 10:15:00-05:00,MRS,Short,0.9931404458379306,0.9883004547863056,128638,14459.0,14484.623030076144,14394.942424809642,-1.0,0.3219759714398969,1.219605952423852,-1.0282948580962332
4,2023-07-19 09:30:00-05:00,MRS,Short,0.9970776373153203,0.9883004547863056,130076,15513.75,15530.373035479428,15472.19241130143,2.5,3.8500790110930727,0.4060630207012225,2.456385823702462
4,2023-07-26 13:30:00-05:00,MRS,Short,0.9966635683717399,0.9883004547863056,130552,15142.25,15168.412082231536,15076.84479442116,2.5,5.188807175155383,0.31534187252325535,2.4722881384752293
4,2023-08-03 15:00:00-05:00,MRS,Short,0.9951866725620372,0.9883004547863056,131110,14992.75,15022.425192160208,14918.562019599478,-1.0,2.561061764644881,1.2047099748165064,-1.024431181307468
4,2023-08-18 09:30:00-05:00,MRS,Short,0.9900468854187557,0.9883004547863056,132100,14170.25,14194.890832815345,14108.64791796164,0.9131184878617042,1.603030234246103,0.8623896829804985,0.8836957810306058
4,2023-08-23 15:15:00-05:00,MRS,Short,0.9949697427981036,0.9883004547863056,132399,14789.75,14815.510615749794,14725.348460625517,-1.0,0.7472647465794607,1.2616158059133753,-1.028143737208836
4,2023-09-07 09:30:00-05:00,MRS,Short,0.9910265120373252,0.9883004547863056,133372,14747.75,14774.706219382268,14680.35945154433,1.558081992299983,1.6971964558981958,0.38024620050178154,1.531186529337661
4,2023-09-14 09:30:00-05:00,MRS,Short,0.99411490726955,0.9883004547863056,133832,14928.0,14954.047140510671,14862.882148723322,-1.0,0.019195965092412386,1.89080256160262,-1.027834149383998
4,2023-09-22 14:00:00-05:00,MRS,Short,0.9924605263249049,0.9883004547863056,134402,14235.0,14259.446870905205,14173.882822736989,-1.0,0.2658826982481497,1.0737570506175278,-1.029656147112293
4,2023-09-27 13:15:00-05:00,MRS,Short,0.9948773404377395,0.9883004547863056,134675,13956.5,13983.382703317342,13889.293241706644,-1.0,0.009299659972764818,2.7248003720200917,-1.0269690139210181
4,2023-10-04 09:30:00-05:00,MRS,Short,0.9885186033346429,0.9883004547863056,135120,14112.75,14143.571744259396,14035.695639351512,-0.2757793306071253,2.2792350559000645,0.8678937757341884,-0.299301685276556
4,2023-11-10 10:00:00-06:00,MRS,Short,0.996241342016926,0.9883004547863056,137606,14725.25,14746.983592995412,14670.91601751147,-0.35659083160506994,1.3803516062131738,0.4256084119157286,-0.389949328755222
4,2023-11-28 09:30:00-06:00,MRS,Short,0.9942121575620235,0.9883004547863056,138677,15325.25,15342.346573882294,15282.508565294263,2.5,2.909939754158714,0.10235968984477889,2.4575938427785915
5,2024-03-08 10:00:00-06:00,MRL,Long,0.9919676043653395,0.987814035230072,145179,18075.5,18039.365887087086,18165.83528228229,-1.0,0.0484306894213118,2.6844439279241397,-1.0200641427602581
5,2024-04-24 15:00:00-05:00,MRL,Long,0.9929218231650734,0.987814035230072,148143,17083.75,17050.731513821655,17166.296215445862,-1.0,0.28771761214875885,1.8247353823118653,-1.021957396716615
5,2024-04-30 14:45:00-05:00,MRL,Long,0.9924386084411061,0.987814035230072,148510,17103.75,17071.115684626435,17185.33578843391,-1.0,2.060714288937616,1.7696096681954994,-1.0222158789513713
5,2024-05-01 14:45:00-05:00,MRL,Long,0.9879356269055816,0.987814035230072,148602,16971.75,16911.416495668214,17122.583760829464,0.439225274472234,0.9820414155652778,0.0,0.42720873394422015
5,2024-06-07 13:00:00-05:00,MRL,Long,0.989770861086317,0.987814035230072,151063,18545.5,18514.399129119978,18623.252177200055,1.4870966211338086,2.1783955909581736,0.2652658837698145,1.4637853768025215
5,2024-06-12 14:15:00-05:00,MRL,Long,0.9880156560991358,0.987814035230072,151344,19006.25,18972.911629658487,19089.595925853784,0.3824422090639262,1.942206512697194,0.9898504234595736,0.36069549521519223
5,2024-08-20 09:30:00-05:00,MRL,Long,0.9939063806591453,0.987814035230072,155786,19010.25,18983.8029783044,19076.367554238994,2.5,2.87366951465275,0.028358580736704768,2.4725867052878536
5,2024-08-23 09:45:00-05:00,MRL,Long,0.9930893406353503,0.987814035230072,156063,18982.5,18941.63114893072,19084.6721276732,-1.0,0.9236863531105112,1.4069394782477984,-1.0177396716822544
5,2024-12-10 09:45:00-06:00,MRL,Long,0.9904621464139456,0.987814035230072,163100,20530.75,20507.85325051763,20587.99187370593,-1.0,0.4694989569710079,1.5504384160437936,-1.0316638831445586
5,2024-12-13 09:30:00-06:00,MRL,Long,0.988560541029694,0.987814035230072,163375,20770.5,20743.543418249537,20837.891454376157,-1.0,1.1963683043547315,2.170156459062071,-1.026895101415726
5,2024-12-18 13:00:00-06:00,MRL,Long,0.9986280364482831,0.987814035230072,163665,20856.25,20825.10404890952,20934.114877726195,-1.0,1.4367838654212837,1.5892916500190735,-1.0232775039649256
5,2024-01-02 14:45:00-06:00,MRS,Short,0.9972326522975745,0.9901664002505329,140814,16507.75,16532.9921922124,16444.644519469,-0.415970210180145,0.27731347345343,0.6140512626468807,-0.4446919627878212
5,2024-01-03 13:15:00-06:00,MRS,Short,0.9935595588227267,0.9901664002505329,140900,16404.75,16430.408017990943,16340.604955022645,2.094861731680725,2.465116363326621,0.41897234633614505,2.066605457160382
5,2024-01-31 13:30:00-06:00,MRS,Short,0.9986361654248005,0.9901664002505329,142725,17244.75,17276.282361423993,17165.91909644002,2.5,2.7273567889072097,0.8245497268789238,2.4770077480004926
5,2024-02-21 14:30:00-06:00,MRS,Short,0.9906467300892496,0.9901664002505329,144093,17280.25,17311.56112223517,17201.972194412076,-1.0,0.2794534138470321,1.5649391175433798,-1.0231547114330406
5,2024-03-05 14:45:00-06:00,MRS,Short,0.9918676791586855,0.9901664002505329,144922,17718.5,17745.753731273173,17650.365671817064,-1.0,0.09173055883400147,1.504381164877624,-1.026601862061862
5,2024-03-20 13:00:00-05:00,MRS,Short,0.9918628374793963,0.9901664002505329,145927,17890.0,17915.617858454727,17825.955353863188,-1.0,2.4787395914543002,2.068869265308314,-1.0283005701386496
5,2024-04-09 14:15:00-05:00,MRS,Short,0.9940199427450436,0.9901664002505329,147128,17868.5,17897.805077418732,17795.23730645317,-1.0,1.3222964555360797,1.2625798414150955,-1.0247397401358362
5,2024-04-18 09:30:00-05:00,MRS,Short,0.9940458030248066,0.9901664002505329,147753,17243.75,17270.788221972027,17176.15444506993,-1.0,0.6287395679193285,1.0170787128106784,-1.0268138933377375
5,2024-04-25 15:00:00-05:00,MRS,Short,0.9963616981163413,0.9901664002505329,148235,17323.75,17370.313137480145,17207.342156299637,-0.7087151293031196,0.5422744549970839,0.9449535057374928,-0.7242853859317488
5,2024-05-01 13:30:00-05:00,MRS,Short,0.9957647735181888,0.9901664002505329,148597,17262.0,17303.915672922027,17157.210817694933,-1.0,1.8787721754221762,1.705805848161087,-1.0172966327261088
5,2024-05-02 15:30:00-05:00,MRS,Short,0.9903005902476043,0.9901664002505329,148697,17288.25,17321.907108446874,17204.107228882818,-1.0,0.7502129911087558,1.7901121867050511,-1.0215407690516365
5,2024-06-12 15:15:00-05:00,MRS,Short,0.991404291479008,0.9901664002505329,151348,19104.25,19142.953797124217,19007.490507189454,-1.0,0.12918629104923826,1.2466477086251493,-1.0187320122021404
5,2024-07-23 10:00:00-05:00,MRS,Short,0.9923134548968825,0.9901664002505329,153948,19315.5,19347.16825359026,19236.329366024358,-1.0,0.06315472984008451,1.0025813362113416,-1.0228935895670301
5,2024-08-21 09:30:00-05:00,MRS,Short,0.9958010211880642,0.9901664002505329,155878,19228.75,19255.025665403897,19163.06083649026,2.5,6.174914983349566,0.5518414006691446,2.472407929966543
5,2024-09-02 09:30:00-05:00,MRS,Short,0.992304971983492,0.9901664002505329,156614,18921.75,18937.160258684333,18883.22435328917,0.6651413327941963,0.8435938854950782,0.7138102108035277,0.6180947507185114
5,2024-09-11 10:30:00-05:00,MRS,Short,0.9908712204411675,0.9901664002505329,157246,18057.5,18104.119021999413,17940.95244500146,-1.0,1.539071325882828,1.9948938440014354,-1.0155515917946354
5,2024-12-19 10:15:00-06:00,MRS,Short,0.9903903279504325,0.9901664002505329,163746,20354.0,20405.855580665473,20224.361048336315,1.518640790236729,1.566851608974403,0.5254979242406459,1.5046596528028031
6,2025-01-30 14:30:00-06:00,MRL,Long,0.9943070748675372,0.9877704498318876,166278,20295.25,20254.286465092693,20397.65883726827,2.5,2.7890659401959046,0.47603313640105155,2.4823013321081655
6,2025-04-02 15:15:00-05:00,MRL,Long,0.9998031224362663,0.9877704498318876,170313,17936.75,17838.66932919564,18181.951677010897,-1.0,0.5148822860391359,3.2167398266405423,-1.007391874403532
6,2025-05-07 09:45:00-05:00,MRL,Long,0.9934111840584444,0.9877704498318876,172499,18387.5,18352.5981170614,18474.754707346496,-1.0,0.1790734331152073,1.547194462115391,-1.0207725182413632
6,2025-05-16 15:45:00-05:00,MRL,Long,0.9892664963489253,0.9877704498318876,173167,19944.75,19918.264033399108,20010.96491650223,-1.0,0.0,4.3985557240745665,-1.0273729862656993
6,2025-05-21 12:15:00-05:00,MRL,Long,0.9987064803742862,0.9877704498318876,173429,19748.0,19704.095934194833,19857.760164512918,-1.0,2.835728256979514,1.002185086804005,-1.016513276998475
6,2025-06-18 13:45:00-05:00,MRL,Long,0.99105425290127,0.9877704498318876,175259,20237.5,20197.509955575744,20337.475111060638,2.1692899132511196,2.3943459273059906,0.8814693883815788,2.151160401007811
6,2025-07-30 13:45:00-05:00,MRL,Long,0.9979704001190289,0.9877704498318876,177972,21732.75,21703.797604109026,21805.130989727433,-1.0,1.9083049364223859,1.9428443922852343,-1.0250411055005648
6,2025-09-17 13:00:00-05:00,MRL,Long,0.9993982654668838,0.9877704498318876,181173,22404.0,22375.093661116938,22476.265847207655,-1.0,4.185933074731333,1.0897263789589833,-1.025081003960167
6,2025-09-17 13:30:00-05:00,MRL,Long,0.9898366677969545,0.9877704498318876,181175,22400.25,22359.074381269198,22503.189046827007,-1.0,1.8518240247585644,1.8578955789381009,-1.0176075071206556
6,2025-10-10 09:45:00-05:00,MRL,Long,0.9980818101396567,0.9877704498318876,182724,23271.75,23237.871079817673,23356.44730045582,-1.0,0.044275319045806005,6.309232964027356,-1.021399737538807
6,2025-10-14 14:30:00-05:00,MRL,Long,0.9915841855017167,0.9877704498318876,182927,22794.75,22746.299484041054,22915.876289897365,0.0206396150837144,1.4912121897983652,0.6553077789079321,0.005675894148021627
6,2025-10-15 12:00:00-05:00,MRL,Long,0.9930649581534556,0.9877704498318876,183009,22780.25,22733.625490240047,22896.811274399883,2.5,2.9490926705271385,0.8525558811160273,2.4844502386463114
6,2025-10-29 13:30:00-05:00,MRL,Long,0.9984910202062101,0.9877704498318876,183935,24147.25,24110.46862149066,24239.20344627335,2.5,4.295651941372488,0.24468903463514172,2.480288938876613
6,2025-10-31 10:45:00-05:00,MRL,Long,0.9880140906281507,0.9877704498318876,184108,24129.5,24095.117628739292,24215.455928151772,-1.0,0.03635584033811061,1.9923000505284612,-1.021086387396105
6,2025-11-10 09:45:00-06:00,MRL,Long,0.9948137353036115,0.9877704498318876,184656,23601.25,23568.59366224808,23682.8908443798,-1.0,0.4210515001545686,1.6229621460503372,-1.0222008972808772
6,2025-01-13 09:30:00-06:00,MRS,Short,0.9951018583456429,0.9913096984820868,165078,19607.5,19652.38881850622,19495.27795373445,2.2165876338717467,2.4783454700324805,0.5625008819624282,2.2004366184490634
6,2025-01-29 13:30:00-06:00,MRS,Short,0.9960514941887493,0.9913096984820868,166182,20303.25,20349.099912852183,20188.62521786954,-1.0,1.9193057200283774,1.0087260176285506,-1.0158124618979614
6,2025-04-01 09:30:00-05:00,MRS,Short,0.9918057688343722,0.9913096984820868,170198,17988.0,18034.081098129507,17872.797254676236,-1.0,0.4014661271310824,1.6492662519979602,-1.0157331320091905
6,2025-04-02 15:00:00-05:00,MRS,Short,0.9913801826614095,0.9913096984820868,170312,18492.5,18559.22629932777,18325.684251680574,-1.0,8.662251703196796,1.442459734312615,-1.0108652811156018
6,2025-04-09 12:15:00-05:00,MRS,Short,0.9974301619322397,0.9913096984820868,170761,16944.5,17129.900836917353,16480.997907706616,-1.0,0.19147702130290248,2.692814165788002,-1.0039104462097073
6,2025-04-16 14:45:00-05:00,MRS,Short,0.9959234099862202,0.9913096984820868,171231,16931.25,16998.335368101383,16763.536579746542,-0.16769677678444658,0.31303398333096694,0.8086711236049979,-0.17850390239944416
6,2025-05-28 15:30:00-05:00,MRS,Short,0.9917828371592948,0.9913096984820868,173886,20045.75,20083.05385548821,19952.490361279473,-0.3618928881028552,0.3551911679528023,0.7371892165058161,-0.381327876538008
6,2025-07-30 15:00:00-05:00,MRS,Short,0.9996065232001209,0.9913096984820868,177977,21987.25,22033.55339302922,21871.491517426948,0.118781792006672,0.6263039942169978,0.4481313062069898,0.10312419215124655
6,2025-08-20 10:15:00-05:00,MRS,Short,0.9946248426819458,0.9913096984820868,179338,21544.75,21586.664251881866,21439.964370295336,-0.3757671744778189,1.7237573559379311,0.9841521236323828,-0.3930643936204481
6,2025-08-28 09:30:00-05:00,MRS,Short,0.9941586033819456,0.9913096984820868,179887,22013.75,22044.99927359294,21935.626816017644,-1.0,0.32000743858118763,1.1600269648568051,-1.0232005392971366
6,2025-09-03 09:30:00-05:00,MRS,Short,0.9939909078718866,0.9913096984820868,180239,21827.0,21858.09864026102,21749.25339934745,2.5,2.7734331557932763,0.5868423778924904,2.476687083617971
6,2025-09-17 14:15:00-05:00,MRS,Short,0.9919995259133932,0.9913096984820868,181178,22606.75,22659.939421228708,22473.77644692823,0.4136160817656341,1.527559392884444,0.3149122440715623,0.3999855517983575
6,2025-12-15 10:15:00-06:00,MRS,Short,0.9952349343484952,0.9913096984820868,186884,23331.25,23374.19358593817,23223.89103515457,2.5,2.85840125640019,0.15718296114624264,2.483117385654662
7,2026-01-21 10:30:00-06:00,MRL,Long,0.9956666106019261,0.9747466132596517,189154,23133.5,23085.083758397526,23254.540604006186,-1.0,0.35628539987950264,1.5180856168778807,-1.0149743139079792
7,2026-03-02 14:00:00-06:00,MRL,Long,0.979976634986092,0.9747466132596517,191728,22807.25,22758.709055522166,22928.602361194586,1.1433646501324954,1.9571106623889563,0.43262446221229556,1.1284288056037375
7,2026-03-10 13:00:00-05:00,MRL,Long,0.9758155297768623,0.9747466132596517,192276,22878.0,22826.084055161824,23007.78986209544,-0.16372619291616025,1.319440495853762,0.9775416812347215,-0.17769107407665635
7,2026-04-21 09:45:00-05:00,MRL,Long,0.978298289491002,0.9747466132596517,194992,24358.25,24325.337782208037,24440.530544479912,-1.0,1.0406469784713852,2.256001113912419,-1.0220282937048695
7,2026-04-21 14:30:00-05:00,MRL,Long,0.9919731978343888,0.9747466132596517,195011,24194.75,24141.166994034742,24328.70751491315,2.5,4.124441994599649,0.06531921710904422,2.486469590741698
7,2026-04-23 12:00:00-05:00,MRL,Long,0.9754671688186718,0.9747466132596517,195185,24569.0,24526.64590212925,24674.88524467687,-1.0,0.0,2.065915800332322,-1.0171175880598957
7,2026-04-29 15:00:00-05:00,MRL,Long,0.9982276391871948,0.9747466132596517,195565,24752.75,24696.651730560283,24892.995673599293,2.5,2.8031167729510464,0.6640133532109792,2.4870762501724037
7,2026-05-29 09:30:00-05:00,MRL,Long,0.9945045971878312,0.9747466132596517,197551,27915.0,27873.524238333423,28018.68940416645,2.5,3.279023567868261,0.5665959841537068,2.4825199111271723
7,2026-06-17 13:00:00-05:00,MRL,Long,0.9800576178283534,0.9747466132596517,198761,27561.5,27492.351877630208,27734.37030592448,-1.0,1.2111681001563424,1.1424749840280721,-1.010484738777473
7,2026-02-17 10:00:00-06:00,MRS,Short,0.993940783825414,0.9895386981832511,190884,22613.25,22681.21963101126,22443.32592247185,0.21333056814149742,1.1843524645096926,0.33838641843134076,0.20266403973442249
7,2026-03-09 14:15:00-05:00,MRS,Short,0.9961921465362602,0.9895386981832511,192189,22792.0,22852.3498632467,22641.125341883246,-1.0,0.9569201468431836,1.7481398353585433,-1.0120132832287674
7,2026-03-26 15:00:00-05:00,MRS,Short,0.9927629074405406,0.9895386981832511,193388,21524.0,21572.47595521298,21402.81011196755,1.6606170965857514,1.8565905427666787,0.6085491223513002,1.6456612283245753
7,2026-03-31 11:30:00-05:00,MRS,Short,0.9911298841626729,0.9895386981832511,193650,21399.0,21469.653998503192,21222.365003742023,-1.0,1.142893561733146,1.2136609649364367,-1.010261273464477
7,2026-04-02 09:30:00-05:00,MRS,Short,0.9912923431698232,0.9895386981832511,193826,21822.5,21884.39915651124,21667.7521087219,0.3271450071589053,1.8780546707270491,0.21809667143927022,0.31543240813716683
7,2026-05-05 15:15:00-05:00,MRS,Short,0.9936799403133483,0.9895386981832511,195934,25857.5,25886.29467323638,25785.513316909044,-1.0,1.814571728981541,1.128680979749284,-1.0251782680097918
7,2026-06-11 12:15:00-05:00,MRS,Short,0.9935336427198835,0.9895386981832511,198390,26706.75,26816.242945778115,26433.01763555472,-1.0,0.0,1.9818628356181955,-1.0066214311328257
7,2026-06-17 13:30:00-05:00,MRS,Short,0.9966645476679864,0.9895386981832511,198763,27809.25,27893.602526431096,27598.368683922257,2.5,3.3786777001018704,0.029637523685104125,2.4914051181313197
7,2026-06-24 15:00:00-05:00,MRS,Short,0.9948520343833822,0.9895386981832511,199213,27187.5,27287.1482426574,26938.379393356496,-1.0,0.27597074736728733,1.4676626109987554,-1.0072755924305923
