strategy,timeframe_minutes,year,N,win_rate,gross_AvgR,net_AvgR,gross_TotalR,net_TotalR,gross_PF,net_PF,MaxDD,Return_over_DD,avg_hold_minutes,median_hold_minutes,avg_cost_R,cost_pct_of_gross
CONTROL,5,2018,1020,0.3843137254901961,0.00267443608253607,-0.09964969737682178,2.7279248041867916,-101.64269132435821,1.0048967617188205,0.8365281796089551,109.6038254933956,-0.9273644497972645,54.03921568627451,35.0,0.10232413345935785,3826.0078125452005
CONTROL,5,2019,1008,0.3948412698412698,0.004388696206315253,-0.10400593870025356,4.423805775965775,-104.83798620985559,1.008438254058219,0.822455132731724,117.44676274428292,-0.892642621730831,63.095238095238095,40.0,0.10839463490656884,2469.859607748446
CONTROL,5,2020,1008,0.39880952380952384,0.0009376806729221684,-0.04645471528446974,0.9451821183055458,-46.8263530067455,1.0017532271251897,0.9175133624300633,84.46303334485967,-0.5544005602493,52.33134920634921,35.0,0.047392395957391927,5054.214865034944
CONTROL,5,2021,1117,0.39838854073410923,-0.0030533065181673215,-0.057088297101573614,-3.410543380792898,-63.76762786245773,0.9942249215701341,0.8982285944925901,87.75504116296798,-0.7266548681122063,53.733213965980305,35.0,0.054034990583406294,
CONTROL,5,2022,1086,0.39134438305709024,-0.04633168543341457,-0.08057037802697378,-50.316210380688226,-87.49943053729353,0.9135299381823017,0.8553522683263713,99.20807608834285,-0.8819789072351025,39.82504604051565,40.0,0.03423869259355923,
CONTROL,5,2023,1057,0.42857142857142855,0.06761116568839344,0.017782519534689983,71.46500213263187,18.79612314816731,1.1349426334077366,1.0335760993775247,46.909165667691084,0.4006919091531238,47.147587511825925,40.0,0.04982864615370346,73.6988419684315
CONTROL,5,2024,1128,0.4122340425531915,0.00602773073711728,-0.03974861671634596,6.799280271468292,-44.836439656038245,1.0117033257747827,0.9268173145355522,63.50892228171368,-0.7059864668644856,62.5,40.0,0.045776347453463255,759.4292022963765
CONTROL,5,2025,1070,0.40841121495327104,-0.0060174950155546265,-0.0396775935066011,-6.4387196666434505,-42.45502505206318,0.9885534644139616,0.9272927911180392,54.527125995071856,-0.778603755053957,58.228971962616825,35.0,0.03366009849104648,
CONTROL,5,2026,526,0.3840304182509506,-0.05077615007114556,-0.07329217078318477,-26.708254937422566,-38.551681831955186,0.9070201106904537,0.8691553728799153,60.44637019904035,-0.6377832400028419,78.47908745247149,40.0,0.022516020712039186,
RETEST_GATED,5,2018,263,0.40304182509505704,0.025156775250593236,-0.07335386491251498,6.616231890906021,-19.29206647199144,1.048527840403785,0.8732367644680727,27.913598261228888,-0.691135062253422,84.52471482889734,35.0,0.09851064016310822,391.5869151821642
RETEST_GATED,5,2019,282,0.41134751773049644,0.0063228501728805776,-0.09506808003537998,1.783043748752323,-26.809198569977152,1.0130079290734921,0.8255636420433701,29.38550280348211,-0.9123273727615212,75.39007092198581,45.0,0.10139093020826054,1603.563700483332
RETEST_GATED,5,2020,278,0.37050359712230213,-0.07928005283640938,-0.12473171800410593,-22.039854688521807,-34.67541760514145,0.8558412885285009,0.7838200559620108,44.7189644590874,-0.7754074367456648,82.93165467625899,37.5,0.04545166516769653,
RETEST_GATED,5,2021,275,0.4072727272727273,0.0013316468677866409,-0.0497582757357728,0.3662028886413262,-13.68352582733752,1.0025744075844387,0.9091993587473794,34.27694079500533,-0.399204990584557,83.41818181818182,35.0,0.051089922603559434,3836.5969116479882
RETEST_GATED,5,2022,271,0.36162361623616235,-0.0960619937242333,-0.12711908110733605,-26.032800299267222,-34.44927098008807,0.8253068119723199,0.7768456354020181,39.26498313925666,-0.8773535151641542,62.638376383763834,40.0,0.031057087383102804,
RETEST_GATED,5,2023,277,0.4007220216606498,-0.050983203449963155,-0.09659589553618053,-14.122347355639794,-26.757063063522008,0.9023200910099901,0.824107638030761,39.92519503122827,-0.6701798962432982,84.71119133574007,45.0,0.04561269208621736,
RETEST_GATED,5,2024,292,0.3801369863013699,-0.06206693697408517,-0.10294656672279034,-18.12354559643287,-30.060397483054782,0.8858248242732158,0.8192230147862737,42.17226121858839,-0.7128002296875885,98.6986301369863,45.0,0.040879629748705175,
RETEST_GATED,5,2025,266,0.40977443609022557,-0.022508192470017098,-0.05331765095381562,-5.987179197024548,-14.182495153714955,0.9553328566337925,0.8980336797639392,25.077221202338684,-0.5655528991542454,64.83082706766918,45.0,0.030809458483798523,
RETEST_GATED,5,2026,143,0.43356643356643354,-0.004065160812141868,-0.02523897204180033,-0.5813179961362871,-3.609173001977447,0.992075979237445,0.9519342067872321,16.249594157834398,-0.2221085011060021,80.45454545454545,45.0,0.021173811229658453,
BOS_ONLY,5,2018,732,0.40437158469945356,0.04948816053360578,-0.04824061969336199,36.225333510599434,-35.31213361554098,1.094644135839339,0.9167559947897966,51.27144392785322,-0.6887290645691696,53.53142076502732,35.0,0.09772878022696779,197.47911252551688
BOS_ONLY,5,2019,704,0.40625,0.02390538726124408,-0.08016552578470341,16.82939263191583,-56.4365301524312,1.0472126821521066,0.8592015391796638,69.74314191856998,-0.8092054444338745,69.30397727272727,40.0,0.10407091304594748,435.345020386553
BOS_ONLY,5,2020,701,0.4079885877318117,0.019141755940345322,-0.02648404054676872,13.41837091418207,-18.565312423284873,1.036847264433561,0.9514994174039708,49.955379051284325,-0.37163790518385764,60.19971469329529,40.0,0.04562579648711406,238.35742462345362
BOS_ONLY,5,2021,764,0.40706806282722513,0.045562878829618805,-0.006442117041009308,34.81003942582877,-4.921777419331111,1.0870794286560495,0.9883692904771028,53.425413724887335,-0.09212427337812797,52.774869109947645,35.0,0.052004995870628117,114.1389596234677
BOS_ONLY,5,2022,754,0.40848806366047746,-0.0031884159500615403,-0.03574128079077457,-2.4040656263464015,-26.948925716244027,0.9937735342431594,0.9327978339821376,42.31383863054033,-0.6368820836971628,42.354111405835546,45.0,0.03255286484071303,
BOS_ONLY,5,2023,722,0.4113573407202216,0.005322937397657473,-0.04241921397323346,3.843160801108695,-30.62667248867456,1.010362387108326,0.9216759686623424,54.462014687030106,-0.5623492385412648,56.25346260387812,40.0,0.04774215137089095,896.9136362922734
BOS_ONLY,5,2024,776,0.41881443298969073,0.004969180406593084,-0.03699154340778745,3.856083995516233,-28.705437684443062,1.0096846944434628,0.9312312099102069,56.442288804391644,-0.508580326781673,63.64046391752577,40.0,0.04196072381438055,844.4194088567858
BOS_ONLY,5,2025,719,0.40333796940194716,-0.002737068920275293,-0.03431337573469018,-1.9679525536779359,-24.671317153242235,0.9948216840855,0.9372837726070771,34.568335172129295,-0.7136970013277779,57.767732962447845,35.0,0.03157630681441489,
BOS_ONLY,5,2026,366,0.4098360655737705,0.01067517870212053,-0.011456351285592725,3.907115404976114,-4.193024570526937,1.0204898509351494,0.9785617967110256,32.259535856135756,-0.12997783319716996,79.43989071038251,40.0,0.022131529987713245,207.3176534582696
SEQUENTIAL_BOS,5,2018,13,0.5384615384615384,-0.05477570571077158,-0.13810684849430468,-0.7120841742400306,-1.7953890304259608,0.8813193042933282,0.7220719703034386,2.413981806696077,-0.7437458830243794,40.38461538461539,55.0,0.08333114278353312,
SEQUENTIAL_BOS,5,2019,17,0.5294117647058824,0.29529421450387944,0.18713410098282443,5.020001646565951,3.181279716708015,1.6890151110805622,1.3945282808058779,3.126671979603708,1.0174651314434424,46.470588235294116,55.0,0.10816011352105505,36.62791487560082
SEQUENTIAL_BOS,5,2020,13,0.38461538461538464,-0.19218369121819878,-0.24401684006969138,-2.498387985836584,-3.172218920905988,0.687701501770427,0.6206856771607467,7.652697723275784,-0.4145229611327311,43.46153846153846,45.0,0.05183314885149263,
SEQUENTIAL_BOS,5,2021,12,0.3333333333333333,-0.24603604303563498,-0.29835390467371437,-2.9524325164276197,-3.5802468560845724,0.4587170985934332,0.3838130666585052,3.8112295492414296,-0.939394179706958,54.583333333333336,60.0,0.05231786163807944,
SEQUENTIAL_BOS,5,2022,9,0.3333333333333333,-0.2270294540804202,-0.2643007530298237,-2.043265086723782,-2.3787067772684134,0.6234246184428069,0.5784323931313788,4.124004774644623,-0.5767953499698344,41.111111111111114,55.0,0.037271298949403446,
SEQUENTIAL_BOS,5,2023,20,0.4,-0.020896031239768853,-0.07949421786435257,-0.41792062479537706,-1.5898843572870514,0.9615483035550483,0.8628570495306167,5.441346462368983,-0.29218583456912756,191.75,37.5,0.0585981866245837,
SEQUENTIAL_BOS,5,2024,13,0.5384615384615384,0.4305821727856175,0.3816649965416067,5.597568246213028,4.961644955040887,2.122801396778933,1.953977725446099,2.869175811909579,1.7292927587238602,44.23076923076923,45.0,0.04891717624401083,11.36070634962544
SEQUENTIAL_BOS,5,2025,10,0.4,0.07611116328918036,0.028426613171661008,0.7611116328918036,0.2842661317166101,1.171052656963363,1.0594690011867902,1.5784560157293004,0.18009125935971643,53.0,57.5,0.04768455011751938,62.651190780443656
SEQUENTIAL_BOS,5,2026,6,0.6666666666666666,0.19346913738998306,0.16787153122366263,1.1608148243398984,1.0072291873419759,1.5804074121699492,1.483252005288689,2.0842731666271495,0.48325200528868906,46.666666666666664,57.5,0.025597606166320463,13.230847313244798
CRT_V2_B_LEGACY_EXP6,5,2018,74,0.4864864864864865,0.22518764493686305,0.13697975497305595,16.663885725327866,10.13650186800614,1.5319121401301097,1.2919294340030223,5.224541938248636,1.940170447058194,80.06756756756756,35.0,0.0882078899638071,39.17083905226611
CRT_V2_B_LEGACY_EXP6,5,2019,59,0.3220338983050847,-0.047767728197962905,-0.1454745357153609,-2.8182959636798115,-8.582997607206293,0.906706597843276,0.7456672581298288,10.610106847873002,-0.8089454451560889,245.16949152542372,55.0,0.09770680751739796,
CRT_V2_B_LEGACY_EXP6,5,2020,70,0.34285714285714286,-0.17248079683834477,-0.21461700857718913,-12.073655778684135,-15.02319060040324,0.7077845409855335,0.6520843935719383,18.531389224655047,-0.8106888489728372,39.0,37.5,0.04213621173884431,
CRT_V2_B_LEGACY_EXP6,5,2021,65,0.4,-0.0087971359030408,-0.055037817369738645,-0.5718138336976519,-3.577458129033012,0.9817654633521287,0.8909855816409246,11.608382348394727,-0.30817886779269665,93.76923076923077,55.0,0.046240681466697894,
CRT_V2_B_LEGACY_EXP6,5,2022,82,0.5121951219512195,0.19771636413037358,0.16625572316962675,16.212741858690634,13.632969299909394,1.4882449753753983,1.3948534852052545,8.711681762344247,1.5649067162711494,46.09756097560975,55.0,0.03146064096074684,15.91200662581565
CRT_V2_B_LEGACY_EXP6,5,2023,72,0.4444444444444444,0.09263472292826323,0.04547488409055542,6.669700050834953,3.2741916545199903,1.205481331747798,1.0950331053252993,8.499802194770162,0.3852079824321754,45.55555555555556,47.5,0.047159838837707815,50.90946175143053
CRT_V2_B_LEGACY_EXP6,5,2024,82,0.4634146341463415,0.12103399184082597,0.0783455447744101,9.92478733094773,6.424334671501628,1.2643601518261964,1.1635584852131233,6.974526018375291,0.9211141595250899,42.13414634146341,40.0,0.042688447066415884,35.26980017527328
CRT_V2_B_LEGACY_EXP6,5,2025,77,0.4935064935064935,0.16662742430198388,0.1352045286928262,12.830311671252758,10.410748709347617,1.4073393606733418,1.3168953849798561,9.294942909700865,1.1200443951605359,42.98701298701299,50.0,0.031422895609157675,18.85817760239096
CRT_V2_B_LEGACY_EXP6,5,2026,33,0.48484848484848486,0.05977757364517805,0.0391427232612208,1.9726599302908756,1.2917098676202863,1.1305258737934794,1.0837101640400444,6.096273661491581,0.21188515138020272,41.36363636363637,50.0,0.020634850383957307,34.519384320346724
CONTROL,15,2018,375,0.42933333333333334,-0.007881971327218908,-0.058963606499293233,-2.9557392477070907,-22.111352437234963,0.9793210765484727,0.8562368997001809,29.237348664732195,-0.7562707785438484,82.24,60.0,0.05108163517207433,
CONTROL,15,2019,361,0.4376731301939058,0.04549822521709899,-0.012312372104046967,16.424859303372735,-4.444766329560955,1.1188447108445212,0.9703216702911779,17.270097029141468,-0.2573677682331999,83.89196675900277,60.0,0.05781059732114595,127.06121402603583
CONTROL,15,2020,388,0.4793814432989691,0.032644335350706606,0.00743363006274797,12.666002116074164,2.8842484643462125,1.0841785158829071,1.0185912909875423,22.30517418857043,0.1293084931757293,91.23711340206185,60.0,0.025210705287958653,77.22842268685662
CONTROL,15,2021,410,0.47317073170731705,0.03285436360150967,0.004849638127917578,13.470289076618965,1.9883516324462072,1.0897852927170057,1.0127410870495117,15.273385075597021,0.13018408313577365,83.3048780487805,60.0,0.0280047254735921,85.23898320862703
CONTROL,15,2022,397,0.4634760705289673,-0.0013783593674811926,-0.018387694865094083,-0.5472086688900335,-7.299914861442351,0.9964623725965296,0.9538880972470806,24.29011037311677,-0.3005303289820196,59.924433249370274,60.0,0.0170093354976129,
CONTROL,15,2023,370,0.3864864864864865,-0.08630231686230591,-0.11306864190809184,-31.931857239053187,-41.83539750599398,0.8030538848500326,0.7515699327390527,46.66860560745543,-0.896435557939847,52.74324324324324,60.0,0.02676632504578596,
CONTROL,15,2024,403,0.45161290322580644,-0.014170004977355283,-0.037943635264454385,-5.710512005874179,-15.291285011575118,0.9629359023597674,0.9040137091828174,29.767975876552747,-0.5136823905994751,59.21836228287841,60.0,0.023773630287099105,
CONTROL,15,2025,394,0.44416243654822335,-0.03194987613386974,-0.04934763278299796,-12.588251196744675,-19.442967316501196,0.9215681037596463,0.8816834731572633,40.96106986336511,-0.4746694210223903,59.16243654822335,60.0,0.01739775664912823,
CONTROL,15,2026,173,0.4046242774566474,-0.06962371480268564,-0.08095521302529979,-12.044902660864617,-14.005251853376864,0.8287357641844924,0.8039690125449536,21.14788197872192,-0.6622531687791874,86.09826589595376,60.0,0.011331498222614146,
RETEST_GATED,15,2018,81,0.48148148148148145,-0.0202240713513692,-0.06610001325073354,-1.6381497794609052,-5.354101073309417,0.9362997194781024,0.8054581942087026,8.820367971352429,-0.6070156132600069,137.96296296296296,60.0,0.04587594189936434,
RETEST_GATED,15,2019,95,0.45263157894736844,0.10350805066050453,0.050366553471714905,9.833264812747931,4.784822579812916,1.331861261717427,1.1471695835212912,5.016600131560036,0.9537978818983439,121.89473684210526,60.0,0.053141497188789646,51.34044825468518
RETEST_GATED,15,2020,94,0.5106382978723404,0.1353251711827963,0.10875804009081791,12.720566091182853,10.223255768536884,1.3945650703373562,1.3054559941486161,5.898449636949737,1.733210656660558,181.75531914893617,60.0,0.026567131091978426,19.632069082027414
RETEST_GATED,15,2021,90,0.4444444444444444,0.0012040660255197703,-0.026860795741358957,0.10836594229677932,-2.417471616722306,1.0034966626432935,0.9253093863107633,7.030396453433662,-0.3438599277771323,190.83333333333334,60.0,0.02806486176687874,2330.8407655438764
RETEST_GATED,15,2022,97,0.3917525773195876,-0.12045691437447982,-0.13615083593307617,-11.684320694324542,-13.206631085508388,0.7208839884240985,0.6914383368514474,17.936019145172686,-0.7363189668016623,142.7319587628866,60.0,0.015693921558596394,
RETEST_GATED,15,2023,88,0.4318181818181818,-0.05802995232747794,-0.08261901568414902,-5.106635804818059,-7.270473380205114,0.8500586368467765,0.793638505370806,12.971279311306022,-0.5605054987805271,88.125,60.0,0.024589063356671104,
RETEST_GATED,15,2024,91,0.4065934065934066,-0.10893662983832782,-0.13125663167674592,-9.913233315287831,-11.944353482583878,0.7273468944882241,0.6820591956147238,21.756040617028248,-0.5490132001884178,85.38461538461539,60.0,0.022320001838418098,
RETEST_GATED,15,2025,78,0.44871794871794873,-0.0697177286990984,-0.08593743901069709,-5.437982838529675,-6.703120242834372,0.8244615825082235,0.7881749234264863,12.504308259175245,-0.5360648589189927,55.57692307692308,60.0,0.016219710311598697,
RETEST_GATED,15,2026,43,0.5116279069767442,-0.07253407950273386,-0.08340980826926231,-3.118965418617556,-3.5866217555782796,0.7966722054298971,0.7700861958298839,8.651940172949617,-0.41454537177590417,55.81395348837209,60.0,0.010875728766528463,
BOS_ONLY,15,2018,233,0.4248927038626609,-0.04228103193642073,-0.09318955233267559,-9.85148044118603,-21.713165693513414,0.8809967761120915,0.7579407243394435,28.111781200490867,-0.7723866922076882,90.51502145922747,60.0,0.05090852039625487,
BOS_ONLY,15,2019,236,0.423728813559322,0.04572779085582054,-0.010965618694308257,10.791758641973647,-2.5878860118567486,1.1160476697774382,0.9743419316344519,12.984478712880373,-0.19930611533057632,100.61440677966101,60.0,0.05669340955012878,123.98020654197528
BOS_ONLY,15,2020,246,0.516260162601626,0.08613111658451135,0.0612681129833952,21.188254679789793,15.071955793915219,1.2367380060055235,1.163307065466727,12.158534679141448,1.2396194271479017,115.2439024390244,60.0,0.024863003601116155,28.866459169515956
BOS_ONLY,15,2021,271,0.4870848708487085,0.04645635590625178,0.018779075445783187,12.589672450594232,5.089129445807244,1.1271922546152575,1.0494732627310968,10.280358384369642,0.49503424448167166,99.2988929889299,60.0,0.027677280460468606,59.57695114167142
BOS_ONLY,15,2022,246,0.43902439024390244,-0.04458434325752255,-0.06155160752390159,-10.967748441350547,-15.14169545087979,0.886744026510182,0.8474552822970266,25.85837449714429,-0.5855625400023496,53.65853658536585,60.0,0.016967264266379043,
BOS_ONLY,15,2023,244,0.38114754098360654,-0.08257674842160963,-0.10845295356028067,-20.14872661487275,-26.462520668708486,0.8163434082502278,0.7673204868897225,31.273178206221388,-0.8461730526462486,51.08606557377049,60.0,0.025876205138671067,
BOS_ONLY,15,2024,244,0.45081967213114754,-0.045939628359169433,-0.06821181029000431,-11.209269319637341,-16.64368171076105,0.8806325693850222,0.828090256139126,27.217473052139635,-0.6115072357700984,65.1639344262295,60.0,0.022272181930834883,
BOS_ONLY,15,2025,233,0.39914163090128757,-0.10218475454574424,-0.1192605757798335,-23.809047809158407,-27.787714156701206,0.7703718932157454,0.7380472396516332,35.53409529756481,-0.7820014530834426,61.41630901287554,60.0,0.017075821234089288,
BOS_ONLY,15,2026,117,0.38461538461538464,-0.07641396574663313,-0.08711899357788892,-8.940433992356077,-10.192922248613003,0.8097450749520352,0.7864404527560536,20.334997156736293,-0.5012502421342329,103.71794871794872,60.0,0.010705027831255806,
SEQUENTIAL_BOS,15,2018,2,0.5,-0.36513815533745986,-0.4158097955363515,-0.7302763106749197,-0.831619591072703,0.26972368932508034,0.20982948422806227,1.052455861707612,-0.7901705157719378,45.0,45.0,0.05067164019889171,
SEQUENTIAL_BOS,15,2019,6,0.3333333333333333,-0.3670970467972734,-0.4129702380587361,-2.2025822807836404,-2.4778214283524167,0.2850529812941241,0.24528025071723933,3.283101350808941,-0.7547197492827606,52.5,60.0,0.04587319126146274,
SEQUENTIAL_BOS,15,2020,6,0.6666666666666666,0.2919983133191351,0.24528445178168898,1.7519898799148108,1.4717067106901338,2.7519898799148113,2.268671945326938,1.1600372469108813,1.2686719453269384,110.0,60.0,0.0467138615374462,15.997990196056714
SEQUENTIAL_BOS,15,2021,6,0.5,0.598725912878723,0.5728537447129546,3.592355477272338,3.4371224682777273,4.643741793020608,4.277364135988995,1.0261111066529143,3.349659160682242,55.0,60.0,0.025872168165768542,4.3212040115940615
SEQUENTIAL_BOS,15,2022,6,0.5,0.06703718038476464,0.05046673101596916,0.40222308230858783,0.30280038609581494,1.169745632478175,1.1258919825245903,2.019187749271036,0.14996148139524493,57.5,60.0,0.016570449368795495,24.718297031122475
SEQUENTIAL_BOS,15,2023,4,0.25,-0.1951583581501127,-0.21517869628985128,-0.7806334326004508,-0.8607147851594051,0.5425058120551693,0.5143451302993388,1.7722766492384117,-0.48565486970066113,56.25,60.0,0.02002033813973863,
SEQUENTIAL_BOS,15,2024,9,0.6666666666666666,0.5578014918416335,0.5401305653147634,5.020213426574702,4.861175087832871,2.908508069778416,2.804339043858026,1.015893934391373,4.785120693475962,51.666666666666664,60.0,0.017670926526870013,3.167959710636091
SEQUENTIAL_BOS,15,2025,7,0.8571428571428571,0.8497574019572882,0.8342526871694387,5.9483018137010175,5.8397688101860705,9.073396625542976,8.771719272604154,0.7514127318998334,7.771719272604151,57.857142857142854,60.0,0.015504714787849459,1.8246048521774194
SEQUENTIAL_BOS,15,2026,1,1.0,0.523426917927906,0.517427162742171,0.523426917927906,0.517427162742171,99.9,99.9,0.0,inf,60.0,60.0,0.005999755185734924,1.146245059288544
CRT_V2_B_LEGACY_EXP6,15,2018,16,0.4375,-0.10276240375095916,-0.15503814487523693,-1.6441984600153465,-2.480610318003791,0.7747858089871398,0.6778431565938734,4.128981978664248,-0.6007801271165354,240.9375,60.0,0.05227574112427777,
CRT_V2_B_LEGACY_EXP6,15,2019,32,0.5,0.16803356270191197,0.11459477455825923,5.377074006461183,3.6670327858642953,1.5726538799565812,1.3598929526238557,4.347736510715354,0.8434349176465942,238.125,60.0,0.05343878814365274,31.802449037191476
CRT_V2_B_LEGACY_EXP6,15,2020,30,0.5333333333333333,0.030049860948954375,0.00996989737495908,0.9014958284686312,0.2990969212487724,1.1348656873497738,1.0431396260781776,3.207625748544834,0.09324557934617535,74.5,60.0,0.020079963573995267,66.82215138401156
CRT_V2_B_LEGACY_EXP6,15,2021,22,0.5454545454545454,0.3654598087798176,0.34403285620111596,8.040115793155987,7.568722836424551,2.6483851907985847,2.4808358918188733,2.0580014488216776,3.677705300333036,64.77272727272727,60.0,0.02142695257870161,5.8630120368751495
CRT_V2_B_LEGACY_EXP6,15,2022,26,0.46153846153846156,0.1318488941113134,0.11786293932862589,3.4280712468941483,3.064436422544273,1.4550475671870085,1.39762279798043,5.640754371288528,0.5432671272023955,61.73076923076923,60.0,0.01398595478268753,10.607563208592323
CRT_V2_B_LEGACY_EXP6,15,2023,24,0.5,-0.02110630004957888,-0.04069863809947882,-0.5065512011898932,-0.9767673143874918,0.925319073698114,0.8608733826121282,3.4284202119148457,-0.28490303230418373,56.25,60.0,0.019592338049899943,
CRT_V2_B_LEGACY_EXP6,15,2024,25,0.56,0.2868685451822811,0.26589554907070145,7.171713629557027,6.647388726767536,1.9943326554104222,1.89224578224153,2.7735703416353807,2.3966901531143554,173.4,60.0,0.02097299611157962,7.311012818869014
CRT_V2_B_LEGACY_EXP6,15,2025,22,0.6363636363636364,0.2600292429549765,0.24321325264051116,5.720643345009483,5.3506915580912455,2.138368317646113,2.0402895972588366,2.1885379378282592,2.4448703701252126,193.63636363636363,60.0,0.016815990314465398,6.466961224579287
CRT_V2_B_LEGACY_EXP6,15,2026,13,0.38461538461538464,-0.24504818874470094,-0.25692531940757896,-3.1856264536811123,-3.340029152298526,0.5660722674616268,0.5510897017946937,4.257043781757176,-0.7845888657785581,45.0,60.0,0.011877130662877959,
CONTROL,30,2018,200,0.465,0.05280638475639098,0.01979307455579511,10.561276951278197,3.958614911159022,1.1807613337969556,1.064073803311469,8.488714780451144,0.46633854635750127,100.35,60.0,0.03301331020059588,62.51764886555765
CONTROL,30,2019,195,0.4307692307692308,-0.008659448315442365,-0.048858439590894746,-1.6885924215112613,-9.527395720224476,0.9711721913833963,0.8484511786045222,13.459627206692506,-0.7078498961313866,148.46153846153845,60.0,0.04019899127545237,
CONTROL,30,2020,206,0.46116504854368934,-0.01858990473139817,-0.036583167389596515,-3.829520374668023,-7.536132482256883,0.9404690389974264,0.8863617281624045,15.134394995663317,-0.497947389665482,109.07766990291262,60.0,0.017993262658198346,
CONTROL,30,2021,232,0.4827586206896552,0.04787728834182325,0.029738977853085685,11.107530895302993,6.899442861915879,1.1615629170341015,1.0972586290713853,9.378104161426263,0.7356969749061287,163.57758620689654,60.0,0.018138310488737545,37.884999583179834
CONTROL,30,2022,208,0.4230769230769231,-0.053629916820457445,-0.0646790118668185,-11.155022698655149,-13.453234468298248,0.8501585363104005,0.8224854406369093,20.484742002631386,-0.656744149697863,71.53846153846153,60.0,0.011049095046361035,
CONTROL,30,2023,214,0.42990654205607476,-0.08831072700806643,-0.10540464400992859,-18.898495579726216,-22.556593818124718,0.7313779969449544,0.6885384358967085,26.091678869552894,-0.8645129326824053,58.598130841121495,60.0,0.017093917001862153,
CONTROL,30,2024,207,0.4251207729468599,-0.0917934985452249,-0.10751374382128878,-19.001254198861552,-22.255344971006778,0.7609672641064217,0.7266602897889807,24.63374281907936,-0.9034495949096919,70.57971014492753,60.0,0.015720245276063916,
CONTROL,30,2025,193,0.43523316062176165,-0.06671624940107024,-0.07847635469821718,-12.876236134406556,-15.145936456755916,0.7915541991089726,0.7596710578963415,23.78574015712608,-0.636765404679588,72.59067357512953,60.0,0.011760105297146934,
CONTROL,30,2026,97,0.4948453608247423,-0.03759568003107377,-0.04533991120200585,-3.646780963014155,-4.397971386594568,0.8811139793556512,0.8583737247016381,9.122758930096598,-0.48208786621395455,92.78350515463917,60.0,0.007744231170932083,
RETEST_GATED,30,2018,33,0.6060606060606061,0.3737403799193346,0.3396779251314299,12.333432537338043,11.209371529337187,3.3649319188023155,2.981472241276026,1.3045343187265352,8.592622952441442,148.1818181818182,60.0,0.03406245478790482,9.113934864425568
RETEST_GATED,30,2019,44,0.45454545454545453,0.08068754841556028,0.04331053328247425,3.5502521302846524,1.905663464428867,1.4079105906519636,1.1976128628106857,2.952190577252191,0.6455082809059707,66.81818181818181,60.0,0.03737701513308604,46.32315130035359
RETEST_GATED,30,2020,47,0.5106382978723404,0.07852066663853653,0.06190766859855819,3.6904713320112172,2.909660424132235,1.340174176392452,1.2599531494239178,3.9453123911401176,0.7374981080500448,67.02127659574468,60.0,0.016612998039978344,21.157484712215858
RETEST_GATED,30,2021,55,0.45454545454545453,0.01468939340957103,-0.002989814105659816,0.8079166375264066,-0.16443977581128988,1.059348817139605,0.9883495667221223,2.7052566142165815,-0.06078527816811574,171.8181818181818,60.0,0.017679207515230836,120.35355730694613
RETEST_GATED,30,2022,42,0.5476190476190477,0.02476410272996669,0.013730861398830002,1.040092314658601,0.5766961787508601,1.1204652163461535,1.0653418839744146,2.013490825372436,0.28641609461726175,140.71428571428572,60.0,0.01103324133113667,44.553366021154076
RETEST_GATED,30,2023,44,0.36363636363636365,-0.011358830572131967,-0.029030495373157418,-0.49978854517380655,-1.2773417964189264,0.9489551893952443,0.8753368931715193,3.7216638524530885,-0.34321793881975193,128.86363636363637,60.0,0.017671664801025447,
RETEST_GATED,30,2024,39,0.48717948717948717,0.06652601180229827,0.05220298167540602,2.5945144602896324,2.035916285340835,1.275280327181011,1.2093605635759839,2.92166878741925,0.6968333625315508,61.53846153846154,60.0,0.014323030126892258,21.529969614678514
RETEST_GATED,30,2025,42,0.5476190476190477,0.003402829159671204,-0.007326194200897161,0.14291882470619055,-0.3077001564376808,1.0144789119490067,0.9694177745387582,3.0705756058857014,-0.10020927537100174,57.857142857142854,60.0,0.010729023360568373,315.29715002222025
RETEST_GATED,30,2026,26,0.5769230769230769,0.045485848745577276,0.038290889185728684,1.1826320673850093,0.9955631188289458,1.219350280692577,1.1820020167439151,5.006681579980067,0.1988469014705963,62.30769230769231,60.0,0.007194959559848595,15.818017599480724
BOS_ONLY,30,2018,109,0.43119266055045874,-0.03410631587719419,-0.06717059462102482,-3.717588430614167,-7.321594813691704,0.8874444040226338,0.7911384488384028,10.254489805538702,-0.7139891844972269,107.88990825688073,60.0,0.03306427874383063,
BOS_ONLY,30,2019,116,0.4224137931034483,0.055666728474899674,0.016481881608542442,6.457340503088362,1.9118982665909232,1.208370637037663,1.056894269447159,6.494996866141136,0.2943647712222588,182.58620689655172,60.0,0.03918484686635723,70.39186232046278
BOS_ONLY,30,2020,130,0.5076923076923077,0.07170152181099428,0.05451968942003302,9.321197835429256,7.0875596246042925,1.264306158479027,1.194874374989722,4.843458394067852,1.4633262119655988,112.84615384615384,60.0,0.01718183239096129,23.962995424633693
BOS_ONLY,30,2021,143,0.4965034965034965,0.10001822402669003,0.08213979252506061,14.302606035816673,11.745990331083668,1.3835895964257912,1.3047151613398487,4.416269050334133,2.6597089527856035,187.76223776223776,60.0,0.017878431501629377,17.875173925162365
BOS_ONLY,30,2022,126,0.4126984126984127,-0.015904329385422293,-0.02698914049077312,-2.003945502563209,-3.400631701837413,0.9523638151073616,0.9206959231780865,9.856727433669873,-0.34500616200678325,58.095238095238095,60.0,0.011084811105350818,
BOS_ONLY,30,2023,127,0.41732283464566927,-0.07847836124792935,-0.09594398927894697,-9.966751878487027,-12.184886638426265,0.764567081048301,0.7207857728897794,21.596694820924586,-0.5642014548735755,58.818897637795274,60.0,0.017465628031017595,
BOS_ONLY,30,2024,132,0.3787878787878788,-0.16555748032609857,-0.18108891107253486,-21.85358740304501,-23.9037362615746,0.6040653079133249,0.5768132449917474,24.680708187138187,-0.9685190587047867,78.86363636363636,60.0,0.015531430746436266,
BOS_ONLY,30,2025,114,0.39473684210526316,-0.10791357311139647,-0.11911472862238917,-12.302147334699198,-13.579079062952365,0.6708396601565869,0.6440897865332327,21.98972178298057,-0.6175193664097284,57.63157894736842,60.0,0.01120115551099269,
BOS_ONLY,30,2026,61,0.5409836065573771,0.07296626664103018,0.06552011020483904,4.4509422651028405,3.9967267224951812,1.2821717013275948,1.250131895962244,3.7366972045601687,1.069588062318156,115.57377049180327,60.0,0.007446156436191137,10.204930002550022
SEQUENTIAL_BOS,30,2018,6,0.5,0.08852025960213435,0.05524012825407365,0.5311215576128061,0.3314407695244419,1.3633326162397015,1.210364591341935,1.1037319246987496,0.30029100554910987,60.0,60.0,0.03328013134806071,37.596061622099306
SEQUENTIAL_BOS,30,2019,5,0.4,-0.028162388542533938,-0.05571885348646248,-0.1408119427126697,-0.2785942674323124,0.9022896152324729,0.8143060282812499,1.1900506609639905,-0.23410286349207982,54.0,60.0,0.02755646494392854,
SEQUENTIAL_BOS,30,2020,2,1.0,0.5265326247999906,0.5064141129351695,1.0530652495999813,1.012828225870339,99.9,99.9,0.0,inf,60.0,60.0,0.020118511864821127,3.820943074982936
SEQUENTIAL_BOS,30,2021,6,0.5,-0.04004957343597759,-0.05535532398588975,-0.24029744061586555,-0.3321319439153385,0.8924036858782478,0.8538153868274272,1.4318971975245498,-0.23195236675476777,50.0,60.0,0.015305750549912142,
SEQUENTIAL_BOS,30,2022,2,0.0,-0.5582913952609984,-0.5674714672848648,-1.1165827905219967,-1.1349429345697295,0.0,0.0,1.1349429345697295,-1.0,90.0,90.0,0.009180072023866384,
SEQUENTIAL_BOS,30,2023,6,0.3333333333333333,-0.03828660873669733,-0.05319498085401494,-0.22971965242018397,-0.3191698851240896,0.858478836786636,0.8089248822356928,1.4425969530878584,-0.22124674840114628,60.0,60.0,0.014908372117317636,
SEQUENTIAL_BOS,30,2024,4,0.5,0.09257441479546917,0.07985845522309226,0.3702976591818767,0.31943382089236905,2.2539153667844034,2.0049041340657867,0.3051568906673511,1.0467855410172635,60.0,60.0,0.012715959572376926,13.735932979399484
SEQUENTIAL_BOS,30,2025,2,0.5,0.05228436892334146,0.040230577689213745,0.10456873784668291,0.08046115537842749,1.4596178474443722,1.3385515958132683,0.2376629038925183,0.3385515958132683,60.0,60.0,0.012053791234127706,23.054292291068464
CRT_V2_B_LEGACY_EXP6,30,2018,13,0.5384615384615384,-0.18779967621071492,-0.22429498355684488,-2.441395790739294,-2.9158347862389835,0.3773661250148992,0.30104774755584773,3.170217964847711,-0.9197584578002518,69.23076923076923,60.0,0.03649530734612996,
CRT_V2_B_LEGACY_EXP6,30,2019,7,0.42857142857142855,0.1131131566221707,0.08086945967051962,0.7917920963551949,0.5660862176936373,1.8875060007177942,1.5727917472232624,0.49191402870189693,1.1507828292424838,488.57142857142856,60.0,0.03224369695165105,28.505699880124414
CRT_V2_B_LEGACY_EXP6,30,2020,13,0.38461538461538464,-0.2122410154615491,-0.23180113835754465,-2.7591332010001386,-3.0134147986480806,0.3234888390339845,0.2855956359489598,3.7105004661032117,-0.8121316318854382,64.61538461538461,60.0,0.019560122895995496,
CRT_V2_B_LEGACY_EXP6,30,2021,16,0.5625,0.09171098501694507,0.07728703433367311,1.467375760271121,1.2365925493387697,1.6122012545100217,1.494011780889368,1.0154217049242908,1.2178118148764303,615.0,60.0,0.014423950683271935,15.72761505135604
CRT_V2_B_LEGACY_EXP6,30,2022,15,0.4,0.09992757610659735,0.09056422061668833,1.4989136415989601,1.3584633092503249,1.8044056039925056,1.6981629182706945,1.894292800564914,0.7171348108619773,60.0,60.0,0.009363355489908992,9.370141711353702
CRT_V2_B_LEGACY_EXP6,30,2023,14,0.2857142857142857,-0.18271886917084154,-0.1989314708546984,-2.5580641683917817,-2.7850405919657777,0.5241340106174823,0.49687514117645715,4.592199850882648,-0.6064719921608979,55.714285714285715,60.0,0.016212601683856825,
CRT_V2_B_LEGACY_EXP6,30,2024,8,0.5,-0.04710587076931653,-0.05865277828888409,-0.3768469661545322,-0.46922222631107274,0.6400890645156976,0.5701712610252481,1.0610284650565174,-0.4422334006713749,60.0,60.0,0.01154690751956757,
CRT_V2_B_LEGACY_EXP6,30,2025,11,0.45454545454545453,-0.09467951718717042,-0.1051763199314777,-1.0414746890588746,-1.1569395192462548,0.5299074861118895,0.492535808421281,1.8057895090199458,-0.640683486899954,351.8181818181818,60.0,0.010496802744307298,
CRT_V2_B_LEGACY_EXP6,30,2026,2,0.5,0.166464464247249,0.15863489559320593,0.332928928494498,0.31726979118641185,5.766739083672385,5.153943316830258,0.07637797798081425,4.153943316830257,60.0,60.0,0.007829568654043093,4.703447483190085
CONTROL,60,2018,86,0.4186046511627907,-0.06420108585956562,-0.08683413729151837,-5.521293383922643,-7.46773580707058,0.7512185531309847,0.6797345014594118,10.190595747500009,-0.7328065985644255,133.95348837209303,60.0,0.02263305143195276,
CONTROL,60,2019,89,0.43820224719101125,0.03125375903224694,0.004147201038374651,2.7815845538699775,0.369100892415344,1.1626981047849778,1.0199152478718916,4.790111216649539,0.07705476464354684,105.1685393258427,60.0,0.027106557993872273,86.73055284615307
CONTROL,60,2020,87,0.5287356321839081,0.07580694249694656,0.062319365541628,6.595203997234351,5.421784802121636,1.417612110216309,1.331718410322989,4.0567689297702065,1.3364785857864354,146.20689655172413,60.0,0.013487576955318556,17.792007580126086
CONTROL,60,2021,96,0.3854166666666667,-0.04167687677276921,-0.05451482340062575,-4.000980170185844,-5.233423046460072,0.829223494086382,0.7836033457910576,8.791906366423841,-0.5952546385669479,132.5,60.0,0.012837946627856561,
CONTROL,60,2022,97,0.5051546391752577,0.031272677401839505,0.023717061980861452,3.033449707978432,2.300555012143561,1.1511820136883946,1.1125835734493572,3.1120168611483265,0.7392488906035881,60.0,60.0,0.007555615420978056,24.160436677332985
CONTROL,60,2023,83,0.3855421686746988,-0.14091540820603618,-0.15203007476750383,-11.695978881101002,-12.618496205702817,0.5232166664271036,0.4975532227112742,13.625800738721873,-0.9260737367047727,96.86746987951807,60.0,0.011114666561467661,
CONTROL,60,2024,87,0.5287356321839081,0.05912328903811174,0.04930725269539337,5.143726146315721,4.289730984499223,1.2588562015499583,1.2114126138025842,5.762479445489296,0.7444245181398611,62.06896551724138,60.0,0.009816036342718399,16.602656080907202
CONTROL,60,2025,90,0.4444444444444444,-0.04111025733823824,-0.04877097878641472,-3.6999231604414415,-4.389388090777325,0.8254190618465779,0.7967293325627515,8.777665463725157,-0.500063269546674,62.666666666666664,60.0,0.00766072144817648,
CONTROL,60,2026,46,0.43478260869565216,-0.07095870138580472,-0.07638666768560712,-3.264100263747017,-3.5137867135379275,0.7389978869858642,0.7220430065185804,6.155735060640113,-0.5708151307558941,61.30434782608695,60.0,0.005427966299802414,
RETEST_GATED,60,2018,22,0.5,-0.05626051402938295,-0.07709879510397877,-1.237731308646425,-1.696173492287533,0.8011998911921596,0.7372802605018751,4.108630822248966,-0.41283180837335204,65.45454545454545,60.0,0.02083828107459582,
RETEST_GATED,60,2019,21,0.42857142857142855,0.07678995501219393,0.05338050482364806,1.6125890552560727,1.1209906012966093,1.4047188412665814,1.262915534281935,2.219033139216284,0.505170734715805,60.0,60.0,0.02340945018854587,30.48504219702765
RETEST_GATED,60,2020,20,0.5,0.06886707192965746,0.055321725750527594,1.3773414385931493,1.106434515010552,1.4764604694728674,1.3624659168779536,1.5246731253118775,0.725686376077644,291.0,60.0,0.013545346179129909,19.66882836686517
RETEST_GATED,60,2021,25,0.52,0.06882888094104994,0.05761726950471968,1.7207220235262484,1.440431737617992,1.5756036857101288,1.4584316921653528,0.9872945679748144,1.4589685635287897,69.6,60.0,0.011211611436330225,16.289108994714972
RETEST_GATED,60,2022,21,0.5238095238095238,0.06098929844938195,0.05462974812073912,1.280775267437021,1.1472247105355216,1.4187424403198883,1.3674159576282572,1.8004841029917478,0.6371756954861487,62.857142857142854,60.0,0.006359550328642873,10.427321661882994
RETEST_GATED,60,2023,14,0.5714285714285714,0.12643821691200707,0.11489492190209245,1.770135036768099,1.6085289066292943,2.01255901376379,1.8815700213979394,0.7203089322306684,2.2331097597914926,64.28571428571429,60.0,0.01154329500991459,9.129593323787526
RETEST_GATED,60,2024,24,0.5833333333333334,0.05267234804104673,0.043625010822685155,1.2641363529851215,1.0470002597444437,1.5036881718862405,1.4038097320062823,1.2601555949366479,0.8308499870582091,185.0,60.0,0.009047337218361587,17.176635473533743
RETEST_GATED,60,2025,19,0.3684210526315789,-0.019813920372373835,-0.027736970009117953,-0.3764644870751029,-0.5270024301732411,0.8880990858025608,0.8475164712829214,2.7269542182009823,-0.19325679421230382,60.0,60.0,0.007923049636744095,
RETEST_GATED,60,2026,10,0.7,0.27660392091980945,0.27118184515261423,2.7660392091980945,2.7118184515261423,4.019270674115603,3.907656380738379,0.9143431800252468,2.9658650173901484,66.0,60.0,0.005422075767195186,1.9602309863015663
BOS_ONLY,60,2018,53,0.4339622641509434,-0.057425042735834354,-0.07909803644870447,-3.043527264999221,-4.192195931781337,0.7764736124789452,0.70509839419875,4.401964027041679,-0.9523467038867841,180.0,60.0,0.021672993712870143,
BOS_ONLY,60,2019,63,0.38095238095238093,-0.04927980560451741,-0.07617891771210948,-3.1046277530845967,-4.799271815862897,0.7768508611803068,0.6811556235080409,6.038182316758205,-0.7948206205273283,121.9047619047619,60.0,0.026899112107592094,
BOS_ONLY,60,2020,54,0.5370370370370371,0.1180806626864897,0.10459018232815591,6.3763557850704435,5.647869845720419,1.741283357323376,1.6298064862493793,3.0704940346761846,1.839401015581535,134.44444444444446,60.0,0.013490480358333763,11.424800684047387
BOS_ONLY,60,2021,69,0.37681159420289856,-0.04327307166307779,-0.05590180637056053,-2.9858419447523676,-3.8572246395686767,0.8174462817680478,0.7717467363327626,6.927085400462817,-0.5568322630050101,160.0,60.0,0.01262873470748272,
BOS_ONLY,60,2022,68,0.45588235294117646,-0.011914088381060704,-0.019123192389309446,-0.8101580099121278,-1.3003770824730423,0.9486195557737496,0.918913699132033,6.13820680011017,-0.21184966958912213,60.0,60.0,0.007209104008248743,
BOS_ONLY,60,2023,54,0.3888888888888889,-0.13485998418243655,-0.14525165262679934,-7.2824391458515745,-7.843589241847164,0.520463201683302,0.4950982988933765,8.03482516322675,-0.9761991185253386,63.333333333333336,60.0,0.010391668444362796,
BOS_ONLY,60,2024,66,0.5151515151515151,0.07138338175073392,0.061614132679577306,4.711303195548439,4.066532756852102,1.3006117947885083,1.254216405113695,3.9898891186209933,1.019209465715077,62.72727272727273,60.0,0.009769249071156639,13.685606974001619
BOS_ONLY,60,2025,50,0.44,-0.05290788016675501,-0.06037112476250583,-2.6453940083377505,-3.0185562381252913,0.8047587710260004,0.7808971230746382,6.881734976215302,-0.4386330262002308,62.4,60.0,0.007463244595750846,
BOS_ONLY,60,2026,27,0.4444444444444444,-0.07547983399800408,-0.08076396646479818,-2.03795551794611,-2.1806270945495507,0.6621264156604905,0.6429037267347459,3.586997229423333,-0.607925502886469,60.0,60.0,0.0052841324667940665,
SEQUENTIAL_BOS,60,2018,1,1.0,0.06637405485167344,0.044986859399467616,0.06637405485167344,0.044986859399467616,99.9,99.9,0.0,inf,60.0,60.0,0.021387195452205826,32.22222222222213
SEQUENTIAL_BOS,60,2019,2,0.5,-0.028663623155408283,-0.06378520551747169,-0.057327246310816565,-0.12757041103494338,0.720424622563718,0.4786540289579354,0.24469434525398953,-0.5213459710420646,60.0,60.0,0.035121582362063405,
SEQUENTIAL_BOS,60,2020,1,1.0,0.21016384229776536,0.20033359806125697,0.21016384229776536,0.20033359806125697,99.9,99.9,0.0,inf,180.0,180.0,0.009830244236508372,4.677419354838706
SEQUENTIAL_BOS,60,2021,2,0.0,-0.17757089783322139,-0.18900888024646761,-0.35514179566644277,-0.37801776049293523,0.0,0.0,0.37801776049293523,-1.0,60.0,60.0,0.011437982413246247,
SEQUENTIAL_BOS,60,2022,1,1.0,0.41400006456079497,0.40689592144111275,0.41400006456079497,0.40689592144111275,99.9,99.9,0.0,inf,60.0,60.0,0.0071041431196822375,1.7159763313609362
SEQUENTIAL_BOS,60,2023,1,1.0,0.3158854902310744,0.3079883529752975,0.3158854902310744,0.3079883529752975,99.9,99.9,0.0,inf,60.0,60.0,0.00789713725577687,2.5000000000000036
SEQUENTIAL_BOS,60,2024,1,0.0,-1.0,-1.0114287030042801,-1.0,-1.0114287030042801,0.0,0.0,1.0114287030042801,-1.0,60.0,60.0,0.011428703004280163,
SEQUENTIAL_BOS,60,2025,1,0.0,-0.41231874550378295,-0.4178289960197321,-0.41231874550378295,-0.4178289960197321,0.0,0.0,0.4178289960197321,-1.0,60.0,60.0,0.005510250515949175,
CRT_V2_B_LEGACY_EXP6,60,2018,5,0.4,-0.24820819993514429,-0.2757489140927108,-1.2410409996757215,-1.378744570463554,0.18513244833775194,0.1473364265310156,1.378744570463554,-1.0,60.0,60.0,0.02754071415756647,
CRT_V2_B_LEGACY_EXP6,60,2019,10,0.7,0.2350650578234978,0.2086749704606466,2.350650578234978,2.086749704606466,1.8534483353142368,1.741271487470033,1.0283045423979034,2.0293109857711746,60.0,60.0,0.026390087362851294,11.22671638532797
CRT_V2_B_LEGACY_EXP6,60,2020,8,0.375,-0.11684341091628628,-0.1266785059244101,-0.9347472873302902,-1.0134280473952808,0.6070607917044638,0.583769016885494,1.404956442732213,-0.7213234635406002,60.0,60.0,0.009835095008123792,
CRT_V2_B_LEGACY_EXP6,60,2021,6,0.3333333333333333,0.25662253853948513,0.24582232399237727,1.5397352312369108,1.4749339439542637,2.848878346670873,2.6849873630852206,0.5627765192401513,2.620816422735063,60.0,60.0,0.010800214547107863,4.208599372672051
CRT_V2_B_LEGACY_EXP6,60,2022,5,0.2,-0.05967530791658667,-0.06620173720728295,-0.29837653958293336,-0.33100868603641476,0.543475367734552,0.5129442694049796,0.573289356001854,-0.5773850195735089,60.0,60.0,0.006526429290696278,
CRT_V2_B_LEGACY_EXP6,60,2023,3,1.0,0.2667177032152605,0.25469719994656054,0.8001531096457815,0.7640915998396816,99.9,99.9,0.0,inf,60.0,60.0,0.012020503268699946,4.506826177562923
CRT_V2_B_LEGACY_EXP6,60,2024,5,0.4,-0.035146188887895564,-0.04476773470113639,-0.17573094443947782,-0.22383867350568193,0.7052088632281833,0.6384641315963422,0.6191326865962969,-0.3615358684036578,60.0,60.0,0.009621545813240826,
CRT_V2_B_LEGACY_EXP6,60,2025,5,0.0,-0.698929257669155,-0.7054558803754848,-3.494646288345775,-3.527279401877424,0.0,0.0,3.527279401877424,-1.0,60.0,60.0,0.006526622706329865,
CRT_V2_B_LEGACY_EXP6,60,2026,5,0.0,-0.3447124137774978,-0.34997153778451223,-1.7235620688874889,-1.7498576889225612,0.0,0.0,1.7498576889225612,-1.0,60.0,60.0,0.00525912400701449,
