model,quarter,N,wins,losses,win_pct,avg_R,total_R,profit_factor,max_drawdown_R,largest_win_R,largest_loss_R,max_consecutive_wins,max_consecutive_losses,flat,expectancy_R,std_trade_R,median_trade_R,sem_R,ci95_low_R,ci95_high_R,longest_drawdown_trades,longest_drawdown_days,recovery_factor
Control,2021Q1,248,107,141,43.145161290322584,0.04739147673394075,11.753086230017306,1.092002621250975,10.81301760288537,2.0,-1.0,4,7,0,0.04739147673394075,1.2125774022563827,-0.6653926452201269,0.07699874204206084,-0.10352605766849848,0.19830901113638,96,37.760416666666664,1.0869386013836773
Control,2021Q2,265,110,155,41.509433962264154,0.038229611905279196,10.130847154898987,1.0733255517765767,26.123014869400425,2.0,-1.0,5,8,0,0.038229611905279196,1.2189270403166612,-0.5342437687559823,0.07487809286433858,-0.10853145010882441,0.1849906739193828,137,101.04166666666667,0.3878130914654075
Control,2021Q3,304,135,167,44.4078947368421,0.08154008221447914,24.78818499320166,1.1679363141560273,10.1893660010644,2.0,-1.0,8,8,2,0.08154008221447914,1.2021761820125154,-0.31023974134469556,0.06894953275952781,-0.053601001994195374,0.21668116642315366,75,182.57638888888889,2.4327504763900167
Control,2021Q4,300,101,198,33.666666666666664,-0.1669422058630362,-50.08266175891086,0.7171233630932853,51.171429952250875,2.0,-1.0,5,15,1,-0.1669422058630362,1.1188994747802807,-1.0,0.06459969129605259,-0.2935576008032993,-0.040326810922773154,293,276.0451388888889,-0.9787231235406951
Control,2022Q1,269,109,159,40.520446096654275,-0.013389414330008871,-3.6017524547723863,0.9742776633140657,33.06640512579801,2.0,-1.0,8,8,1,-0.013389414330008871,1.1701455515207722,-0.6395670551809249,0.07134503345226129,-0.15322567989644098,0.12644685123642324,255,368.22222222222223,-0.10892482690724496
Control,2022Q2,245,96,148,39.183673469387756,-0.003207303637327322,-0.7857893911451939,0.9938291480450382,16.581619888889904,2.0,-1.0,8,7,1,-0.003207303637327322,1.1818763422703755,-0.6207911018287608,0.07550730978043908,-0.15120163080698792,0.14478702353233328,139,455.24305555555554,-0.047389181298969
Control,2022Q3,297,111,185,37.37373737373738,-0.08922344958834265,-26.499364527737768,0.8421952750923136,30.56110774356245,2.0,-1.0,6,13,1,-0.08922344958834265,1.1545395819826223,-1.0,0.0669931813798687,-0.2205300850928853,0.042083185916200014,293,546.0173611111111,-0.867094372039565
Control,2022Q4,275,113,162,41.09090909090909,-0.07065201457102858,-19.42930400703286,0.8674703569584243,30.28303660430026,2.0,-1.0,7,12,0,-0.07065201457102858,1.1315530864392624,-0.8063381285145854,0.06823521851068408,-0.20439304285196935,0.0630890137099122,273,87.77083333333333,-0.6415903484485389
Control,2023Q1,274,130,144,47.44525547445255,0.14688709168464478,40.24706312159267,1.31251568478413,15.009113788069868,2.0,-1.0,5,8,0,0.14688709168464478,1.2146476009074652,-0.25133104209241863,0.07337954513186952,0.003063183226180516,0.290711000143109,83,27.09722222222222,2.681508294885699
Control,2023Q2,277,129,148,46.57039711191336,0.09217638810385298,25.532859504767274,1.1918221866954821,12.97046335624932,2.0,-1.0,6,7,0,0.09217638810385298,1.1891739089543274,-0.2461253878969939,0.07145053540655553,-0.047866661292995855,0.23221943750070181,125,824.9548611111111,1.9685387332338629
Control,2023Q3,283,120,163,42.40282685512368,0.06950109194213942,19.668809019625456,1.1360622310343356,12.132751691480912,2.0,-1.0,6,10,0,0.06950109194213942,1.2272593695490646,-0.4719097505556128,0.07295299711801874,-0.07348678240917729,0.21248896629345615,100,30.04861111111111,1.6211334015379244
Control,2023Q4,288,105,182,36.458333333333336,-0.06377109366589859,-18.366074975778794,0.8833445321238067,25.92167257819318,2.0,-1.0,5,14,1,-0.06377109366589859,1.1584060644791652,-1.0,0.06825973196340324,-0.19756016831416892,0.07001798098237175,177,1004.0763888888889,-0.7085219875522
BOS,2021Q1,159,73,86,45.911949685534594,0.16432415538412584,26.127540706076008,1.3319383101294888,7.515412971678193,2.0,-1.0,5,5,0,0.16432415538412584,1.2780223110205158,-0.3801703071992408,0.10135376203379873,-0.03432921820211965,0.36297752897037133,35,19.71875,3.4765276112620227
BOS,2021Q2,181,75,106,41.43646408839779,0.052500657522823506,9.502619011631054,1.0992318493211906,25.009958220295044,2.0,-1.0,7,7,0,0.052500657522823506,1.2523925534797917,-1.0,0.09308960538050703,-0.12995496902297027,0.2349562840686173,90,94.21875,0.3799534140732744
BOS,2021Q3,215,100,114,46.51162790697674,0.1693423922383755,36.40861433125073,1.3642258000398741,7.595511874091287,2.0,-1.0,7,6,1,0.1693423922383755,1.2421004673684497,-0.1558749142373068,0.08471054877989123,0.0033097166297886838,0.3353750678469623,32,182.52777777777777,4.79343787947229
BOS,2021Q4,209,70,138,33.49282296650718,-0.1781279168570767,-37.228734623129036,0.7029186619369269,38.79456901599152,2.0,-1.0,5,11,1,-0.1781279168570767,1.123028287963204,-1.0,0.07768149101149034,-0.3303836392395978,-0.025872194474555632,191,283.3125,-0.9596377938309604
BOS,2022Q1,183,74,108,40.43715846994535,0.04137344362642117,7.5713401836350736,1.0826846115021356,17.109406910942344,2.0,-1.0,5,9,1,0.04137344362642117,1.1911179429542729,-0.4223869830319078,0.0880499719647454,-0.1312045014244798,0.21395138867732216,165,82.18402777777777,0.4425249935924321
BOS,2022Q2,173,71,102,41.040462427745666,0.019757671432047277,3.418077157744179,1.039431340891999,18.214134088462405,2.0,-1.0,5,7,0,0.019757671432047277,1.173484997834728,-0.5490295235537332,0.08921841226749545,-0.15511041661224378,0.19462575947633837,107,510.78125,0.1876607002640511
BOS,2022Q3,200,79,121,39.5,-0.060554414394802004,-12.110882878960401,0.8898429671052938,21.172626094785073,2.0,-1.0,4,10,0,-0.060554414394802004,1.1519065858212538,-0.9214189625658438,0.08145209581276523,-0.22020052218782185,0.09909169339821786,198,87.47222222222223,-0.5720066478642144
BOS,2022Q4,198,88,110,44.44444444444444,-0.006477778226087121,-1.28260008876525,0.9869001056878451,17.203393978592306,2.0,-1.0,7,6,0,-0.006477778226087121,1.1272105793991996,-0.4052137648992319,0.08010736767051069,-0.16348821886028805,0.15053266240811383,98,46.4375,-0.07455506107465201
BOS,2023Q1,195,92,103,47.17948717948718,0.11711715535844543,22.83784529489686,1.2512277228557316,11.336221305961597,2.0,-1.0,5,6,0,0.11711715535844543,1.1885870964065142,-0.1933400884677723,0.08511648988280462,-0.04971116481185163,0.2839454755287425,64,30.461805555555557,2.0145906363778097
BOS,2023Q2,179,80,99,44.6927374301676,0.07406083451453285,13.25688937810138,1.1532262956460075,19.864758831243513,2.0,-1.0,6,8,0,0.07406083451453285,1.1764250202285726,-0.2642888104696086,0.08793013441102412,-0.09828222893107444,0.24640389796014014,125,824.5416666666666,0.6673571771357626
BOS,2023Q3,199,81,118,40.7035175879397,-0.008580059286771928,-1.707431798067614,0.9836014914202348,13.30382770172109,2.0,-1.0,4,6,0,-0.008580059286771928,1.1758135231047113,-0.6124843501980668,0.08335121071235646,-0.1719484322829906,0.1547883137094467,172,913.2777777777778,-0.1283413943978489
BOS,2023Q4,192,67,124,34.895833333333336,-0.1293789651914735,-24.84076131676291,0.7678461867309601,26.514660634723597,2.0,-1.0,5,18,1,-0.1293789651914735,1.10762490504806,-1.0,0.07993594213632889,-0.2860534117786781,0.027295481395731125,123,1004.0763888888889,-0.936868914106766
C1,2021Q1,35,14,21,40.0,0.06552642657447728,2.293424930106705,1.1200958904588234,4.177932413544827,2.0,-1.0,3,4,0,0.06552642657447728,1.317153791288017,-0.8641218931846825,0.2226396261677728,-0.37084724071435743,0.501900093863312,12,24.88888888888889,0.5489377766551315
C1,2021Q2,37,12,25,32.432432432432435,-0.07241841973271487,-2.67948153011045,0.8919999876007958,13.0,2.0,-1.0,7,9,0,-0.07241841973271487,1.3792017875203435,-1.0,0.22673937715808304,-0.5168275989625576,0.3719907594971279,16,102.20833333333333,-0.20611396385465003
C1,2021Q3,26,12,14,46.15384615384615,0.22833447021135544,5.936696225495242,1.4240497303925175,6.6220481937898565,2.0,-1.0,4,6,0,0.22833447021135544,1.4024296164142132,-1.0,0.2750390761744814,-0.3107421190906281,0.767411059513339,22,257.3541666666667,0.8965045333047656
C1,2021Q4,32,7,25,21.875,-0.37292226694646513,-11.933512542286884,0.4868864374760136,11.933512542286882,2.0,-1.0,2,9,0,-0.37292226694646513,1.128289649050434,-1.0,0.19945531549653792,-0.7638546853196795,0.018010151426749166,32,364.37847222222223,-1.0000000000000002
C1,2022Q1,40,14,26,35.0,-0.19358545890472484,-7.743418356188993,0.6640637965085189,14.84182896923489,2.0,-1.0,5,8,0,-0.19358545890472484,1.0984479843102768,-1.0,0.17367987608206872,-0.5339980160255795,0.14682709821612988,31,367.3576388888889,-0.5217293887593002
C1,2022Q2,36,14,22,38.888888888888886,0.05261962720293919,1.8943065793058107,1.0942648046649839,5.6400095750017485,2.0,-1.0,4,4,0,0.05261962720293919,1.3199419653861981,-1.0,0.21999032756436634,-0.37856141482321887,0.4838006692290972,13,482.31944444444446,0.33586939066592336
C1,2022Q3,35,10,25,28.571428571428573,-0.23110651697249115,-8.08872809403719,0.6661637114711639,12.088728094037188,2.0,-1.0,3,8,0,-0.23110651697249115,1.235056996967953,-1.0,0.208762735163938,-0.6402814778938096,0.17806844394882734,35,635.1736111111111,-0.6691132459193111
C1,2022Q4,30,8,22,26.666666666666668,-0.3318822944273255,-9.956468832819764,0.5017683190837725,14.027130893770309,2.0,-1.0,3,7,0,-0.3318822944273255,1.068934913773959,-1.0,0.19515992159294568,-0.714395740749499,0.05063115189484807,26,641.1423611111111,-0.7098008073227294
C1,2023Q1,26,12,14,46.15384615384615,0.14021635885614064,3.6456253302596564,1.2692902897843898,4.0,2.0,-1.0,2,3,0,0.14021635885614064,1.3072224100977845,-0.7689505870756925,0.25636740683439974,-0.3622637585392828,0.6426964762515641,8,25.041666666666668,0.9114063325649141
C1,2023Q2,39,17,22,43.58974358974359,0.2343363438697604,9.139117410920656,1.4576181762326996,4.948391850692257,2.0,-1.0,3,4,0,0.2343363438697604,1.3983254494960315,-0.7355317453384792,0.22391127264646812,-0.20452975051731712,0.6732024382568379,11,34.93055555555556,1.8468863595841012
C1,2023Q3,37,12,25,32.432432432432435,-0.12521136878876765,-4.632820645184403,0.78954345781212,8.100787720733397,2.0,-1.0,2,7,0,-0.12521136878876765,1.210579900345144,-1.0,0.19901810966896205,-0.5152868637399333,0.26486412616239796,27,57.05555555555556,-0.5718975493367175
C1,2023Q4,41,18,22,43.90243902439025,0.1639290901942792,6.721092697965448,1.305504213543884,5.0,2.0,-1.0,5,5,1,0.1639290901942792,1.3515875244330613,-1.0,0.21108250821241945,-0.24979262590206291,0.5776508062906214,21,1022.2569444444445,1.3442185395930895
C2,2021Q1,31,15,16,48.38709677419355,0.22119467205581989,6.857034833730417,1.4301295430930652,3.3377669936789705,2.0,-1.0,2,2,0,0.22119467205581989,1.3711270929056245,-0.941789964998494,0.24626169563840855,-0.2614782513954609,0.7038675955071007,13,26.98611111111111,2.0543779259355732
C2,2021Q2,37,15,22,40.54054054054054,0.10259780426853404,3.7961187579357594,1.1839222320047733,7.074767209993661,2.0,-1.0,4,8,0,0.10259780426853404,1.36052207827191,-1.0,0.22366845187448206,-0.33579236140545077,0.5409879699425189,10,95.03472222222223,0.5365715429581125
C2,2021Q3,40,17,23,42.5,0.23578091125565065,9.431236450226026,1.4418771399297006,9.751349709657427,2.0,-1.0,5,7,0,0.23578091125565065,1.4161517749637706,-1.0,0.22391325606878648,-0.20308907063917087,0.6746508931504722,24,234.02430555555554,0.9671724152078792
C2,2021Q4,48,15,33,31.25,-0.11446804700287001,-5.494466256137761,0.816903435452342,10.543832003638006,2.0,-1.0,4,11,0,-0.11446804700287001,1.2618784777607805,-1.0,0.18213646970494546,-0.4714555276245631,0.2425194336188231,43,280.31944444444446,-0.5211071510094214
C2,2022Q1,50,15,35,30.0,-0.10637355781196384,-5.318677890598192,0.820185600264577,13.63027526524598,2.0,-1.0,2,10,0,-0.10637355781196384,1.2190063544368632,-1.0,0.17239353190635961,-0.4442648803484287,0.23151776472450103,43,70.36805555555556,-0.3902106000866746
C2,2022Q2,36,16,20,44.44444444444444,0.10527115848447827,3.789761705441218,1.2148639757137847,4.50624264287153,2.0,-1.0,5,4,0,0.10527115848447827,1.2520449197299257,-0.47702409027148085,0.20867415328832095,-0.3037301819606308,0.5142724989295873,12,459.0416666666667,0.8410025837015855
C2,2022Q3,42,16,26,38.095238095238095,-0.04874102310596611,-2.0471229704505767,0.9195685498966,10.077120128284568,2.0,-1.0,3,5,0,-0.04874102310596611,1.2818699464110719,-1.0,0.19779682694695563,-0.43642280392199917,0.33894075771006693,37,80.01736111111111,-0.2031456352995823
C2,2022Q4,45,16,29,35.55555555555556,-0.14942098712580798,-6.7239444206613594,0.7526112484014044,14.978836388949315,2.0,-1.0,4,5,0,-0.14942098712580798,1.1787123929265728,-1.0,0.1757120691003506,-0.49381664256249513,0.19497466831087917,34,643.0486111111111,-0.44889631250809114
C2,2023Q1,24,10,14,41.666666666666664,0.2572289501224851,6.173494802939643,1.5015974328171267,4.069449642393016,2.0,-1.0,2,5,0,0.2572289501224851,1.4250108720912786,-0.619109308563073,0.29087912621184153,-0.31289413725272436,0.8273520374976946,8,28.67361111111111,1.5170343278432499
C2,2023Q2,36,16,20,44.44444444444444,0.046200639473729925,1.6632230210542773,1.0998142570387637,6.39855688868044,2.0,-1.0,3,5,0,0.046200639473729925,1.1301671160592077,-0.13308748226167266,0.18836118600986795,-0.32298728510561125,0.4153885640530711,30,69.09722222222223,0.2599372092786504
C2,2023Q3,38,13,25,34.21052631578947,-0.08984549154072152,-3.414128678547418,0.8470912572063122,6.014274794210605,2.0,-1.0,3,4,0,-0.08984549154072152,1.2295014845375603,-1.0,0.1994514781040653,-0.4807703886246895,0.30107940554324647,27,934.2152777777778,-0.5676708822539817
C2,2023Q4,42,14,27,33.333333333333336,-0.06642965544700984,-2.7900455287744133,0.8902428606510024,6.131493616785566,2.0,-1.0,2,6,1,-0.06642965544700984,1.2692105374468592,-1.0,0.19584343773523746,-0.45028279340807525,0.31742348251405555,23,1022.2986111111111,-0.45503521705321354
Retest,2021Q1,88,47,41,53.40909090909091,0.258425496509089,22.741443692799834,1.606199126944318,7.862286908794481,2.0,-1.0,8,6,0,0.258425496509089,1.2203337669014245,0.2660132800929865,0.1300880166481621,0.003452983878691307,0.5133980091394867,14,13.60763888888889,2.8924718668511127
Retest,2021Q2,104,43,60,41.34615384615385,0.04243798655593386,4.413550601817121,1.083914464329519,13.330233165656889,2.0,-1.0,7,8,1,0.04243798655593386,1.204913683360693,-0.43102184806149485,0.11815150737790639,-0.18913896790476264,0.2740149410166304,51,94.22222222222223,0.33109327848727316
Retest,2021Q3,118,52,66,44.067796610169495,0.09556760119247597,11.276976940712164,1.2115315275092267,7.274840732575436,2.0,-1.0,5,6,0,0.09556760119247597,1.1714212706832856,-0.1385358989214477,0.1078380688657234,-0.11579501378434191,0.30693021616929383,53,182.53125,1.5501338593181673
Retest,2021Q4,108,34,74,31.48148148148148,-0.22822018322637264,-24.647779788448243,0.6392704412798131,28.73512506071023,2.0,-1.0,4,9,0,-0.22822018322637264,1.1251643930268984,-1.0,0.10826899419944361,-0.44042741185728207,-0.016012954595463175,105,273.05555555555554,-0.8577578742522806
Retest,2022Q1,95,38,57,40.0,-0.002768210494815698,-0.2629799970074913,0.9945147068861742,11.679228014745217,2.0,-1.0,3,6,0,-0.002768210494815698,1.1691056979194756,-0.3811443889300602,0.11994771373647876,-0.23786572941831408,0.23232930842868266,93,86.50694444444444,-0.02251689894875541
Retest,2022Q2,97,33,64,34.02061855670103,-0.21152343335497048,-20.517773035432135,0.6463514714353941,23.290988279433844,2.0,-1.0,3,8,0,-0.21152343335497048,1.0988230944824677,-1.0,0.111568581514303,-0.4301978531230044,0.007150986413063415,97,545.1284722222222,-0.8809318346336346
Retest,2022Q3,110,45,65,40.90909090909091,-0.0265357751944756,-2.918935271392316,0.949419347128175,13.482498315995274,2.0,-1.0,4,7,0,-0.0265357751944756,1.152760550104886,-0.680546409943371,0.10991140588831781,-0.24196213073557848,0.1888905803466273,55,45.24305555555556,-0.2164981002021984
Retest,2022Q4,105,40,64,38.095238095238095,-0.140242638857717,-14.725477080060287,0.7218734583569194,18.05600834012165,2.0,-1.0,3,5,1,-0.140242638857717,1.0197453478329808,-0.3410185591066598,0.09951695593391333,-0.33529587248818715,0.0548105947727531,100,83.05902777777777,-0.8155444327824827
Retest,2023Q1,113,49,64,43.36283185840708,0.0931465753730273,10.525563017152084,1.1886353211682041,8.103777420856943,2.0,-1.0,4,6,0,0.0931465753730273,1.2282686338230389,-0.4508999017218525,0.11554579358183438,-0.1333231800473681,0.31961633079342266,26,738.4409722222222,1.2988465095378998
Retest,2023Q2,92,46,46,50.0,0.1540320691005476,14.170950357250378,1.3603427445705205,7.371748152696423,2.0,-1.0,6,4,0,0.1540320691005476,1.1536510645937625,-0.011319866680687504,0.12027643788004447,-0.08170974914433957,0.3897738873454347,32,28.743055555555557,1.9223324052473167
Retest,2023Q3,127,44,81,34.645669291338585,-0.15288725826408497,-19.416681799538793,0.7269951895188586,28.297079283441036,2.0,-1.0,5,5,2,-0.15288725826408497,1.0874928445185037,-0.9350759949397992,0.096499385452694,-0.3420260537513652,0.03625153722319527,107,913.28125,-0.6861726471855737
Retest,2023Q4,112,46,66,41.07142857142857,-0.057250094267183194,-6.412010557924518,0.894591865207756,13.80661520074304,2.0,-1.0,8,7,0,-0.057250094267183194,1.147819516314478,-0.8910609582957978,0.10845874964837694,-0.269829243578002,0.15532905504363562,112,1091.3229166666667,-0.4644158227557061
Confirm,2021Q1,60,28,32,46.666666666666664,0.007551685445212319,0.45310112671273917,1.0157737141803915,9.345055197023918,2.0,-1.0,7,9,0,0.007551685445212319,1.1204021347362554,-0.17483205549798475,0.1446432936296252,-0.27594917006885306,0.29105254095927774,42,62.80902777777778,0.048485655478743075
Confirm,2021Q2,70,30,40,42.857142857142854,0.11813609744531549,8.269526821172084,1.244413413318423,10.366758304674631,2.0,-1.0,6,9,0,0.11813609744531549,1.233033954971436,-0.3227820248219516,0.14737574592625968,-0.1707203645701535,0.4069925594607845,22,23.68402777777778,0.7976965005003683
Confirm,2021Q3,77,31,46,40.25974025974026,-0.07098566370482892,-5.465896105271827,0.8643804081865568,11.893945925089124,2.0,-1.0,5,7,0,-0.07098566370482892,1.1425180303436324,-0.504792946282244,0.13020201335349046,-0.3261816098776702,0.18421028246801238,44,53.479166666666664,-0.4595527959936365
Confirm,2021Q4,68,25,43,36.76470588235294,-0.04250777873487747,-2.8905289539716676,0.9266084583845461,13.98872311492611,2.0,-1.0,5,12,0,-0.04250777873487747,1.2370630863864522,-1.0,0.1500159344330567,-0.3365390102236686,0.25152345275391363,46,273.53125,-0.2066327948751408
Confirm,2022Q1,65,25,40,38.46153846153846,-0.09014199989358485,-5.859229993083015,0.8340664636314763,12.555416320091766,2.0,-1.0,4,6,0,-0.09014199989358485,1.127261531676806,-0.6402175472059002,0.13981958489415725,-0.36418838628613304,0.18390438649896335,63,84.82291666666667,-0.46666951088724956
Confirm,2022Q2,65,20,44,30.76923076923077,-0.21898010178241678,-14.233706615857091,0.633991054003653,18.256013892484454,2.0,-1.0,4,14,1,-0.21898010178241678,1.1024995893736713,-1.0,0.13674824395267463,-0.487006659929659,0.049046456364825464,65,544.75,-0.7796722055364317
Confirm,2022Q3,71,32,38,45.070422535211264,0.1080919391937762,7.67452768275811,1.224752080107235,6.09534962912978,2.0,-1.0,4,7,1,0.1080919391937762,1.202322446257592,-0.2414228118257197,0.14268942264532752,-0.17157932919106578,0.38776320757861815,22,30.20486111111111,1.259079158655873
Confirm,2022Q4,70,22,47,31.428571428571427,-0.19449130532978878,-13.614391373085216,0.6652787901326505,20.078203115231986,2.0,-1.0,3,8,1,-0.19449130532978878,1.0895980576615134,-1.0,0.1302318771192227,-0.44974578448346525,0.06076317382388771,68,83.04166666666667,-0.678068216311493
Confirm,2023Q1,73,36,36,49.31506849315068,0.16687584804197356,12.18193690706407,1.3864676619234135,5.869643838328612,2.0,-1.0,4,6,1,0.16687584804197356,1.216806548259483,0.0,0.1424164343240537,-0.1122603632331717,0.44601205931711885,18,22.645833333333332,2.075413303191645
Confirm,2023Q2,68,23,44,33.8235294117647,-0.12558652693326858,-8.539883831462264,0.7708512988636952,14.084613357565281,2.0,-1.0,2,7,1,-0.12558652693326858,1.1138213656303744,-0.8199555330947943,0.13507068054599242,-0.39032506080341367,0.13915200693687654,59,822.0868055555555,-0.6063271752415715
Confirm,2023Q3,80,33,47,41.25,-0.10584625185631731,-8.467700148505385,0.8075663940523142,13.779146689154938,2.0,-1.0,5,4,0,-0.10584625185631731,1.1153740750700112,-1.0,0.12470261260987492,-0.35026337257167217,0.13857086885903752,68,917.2916666666666,-0.6145300822706243
Confirm,2023Q4,72,28,44,38.888888888888886,-0.08439141330553099,-6.076181757998231,0.8436560153218785,9.030211876245328,2.0,-1.0,3,6,0,-0.08439141330553099,1.1238016785682783,-0.8904630948164101,0.13244129793740908,-0.3439763572628528,0.1751935306517908,38,1033.5833333333333,-0.6728725572854052
