review_group,review_number,trade_id,instrument,direction,entry_price,atr_at_entry,m0_stop_price,m0_target_price,m0_exit_reason,m0_exit_time,m0_net_r,m1_stop_price,m1_target_price,m1_exit_reason,m1_exit_time,m1_net_r,delta_r_m1_minus_m0,phase58d_decision,p4_status,h1_status,15m_context,5m_context,m0_risk_points,m1_risk_points,visual_diagnostic_label,review_status,visual_entry_location,visual_m1_stop_quality,visual_thesis_intact_at_m0_stop,visual_m1_rescue_quality,notes,entry_time,entry_time_utc,entry_time_exchange,exchange_timezone,unix_ms,tradingview_jump_time
A — M0 STOP → M1 TARGET,1,E-061818,NQ,LONG,30686.25,6.446428571428571,30681.415178571428,30698.337053571428,STOP,2026-06-19T09:54:00-05:00,-1.1499538319482596,30679.803571428572,30702.366071428572,TARGET,2026-06-19T10:09:00-05:00,2.4999763688187144,3.649930200766974,TAKE,KEEP,KEEP,BULLISH,BULLISH,4.834821428572468,6.446428571427532,VISUAL_DIAGNOSTIC_ONLY,NOT_REVIEWED,,,,,,2026-06-19T09:53:00-05:00,2026-06-19T14:53:00+00:00,2026-06-19 09:53:00,America/Chicago,1781880780000,2026-06-19 09:53:00 America/Chicago
A — M0 STOP → M1 TARGET,2,E-061845,NQ,SHORT,30588.75,11.375,30597.28125,30567.421875,STOP,2026-06-22T17:39:00-05:00,-1.084981684981685,30600.125,30560.3125,TARGET,2026-06-22T18:13:00-05:00,2.499976289658612,3.5849579746402966,TAKE,KEEP,KEEP,BEARISH,NEUTRAL,8.53125,11.375,VISUAL_DIAGNOSTIC_ONLY,NOT_REVIEWED,,,,,,2026-06-22T17:37:00-05:00,2026-06-22T22:37:00+00:00,2026-06-22 17:37:00,America/Chicago,1782167820000,2026-06-22 17:37:00 America/Chicago
A — M0 STOP → M1 TARGET,3,E-061850,NQ,SHORT,30602.25,15.178571428571429,30613.633928571428,30573.790178571428,STOP,2026-06-22T20:11:00-05:00,-1.0636862745098097,30617.428571428572,30564.303571428572,TARGET,2026-06-22T20:18:00-05:00,2.4999762971750434,3.563662571684853,TAKE,KEEP,KEEP,BULLISH,BEARISH,11.383928571427532,15.178571428572468,VISUAL_DIAGNOSTIC_ONLY,NOT_REVIEWED,,,,,,2026-06-22T20:10:00-05:00,2026-06-23T01:10:00+00:00,2026-06-22 20:10:00,America/Chicago,1782177000000,2026-06-22 20:10:00 America/Chicago
A — M0 STOP → M1 TARGET,4,E-061873,NQ,SHORT,29839.25,16.196428571428573,29851.397321428572,29808.881696428572,STOP,2026-06-23T20:00:00-05:00,-1.059683939728036,29855.446428571428,29798.758928571428,TARGET,2026-06-23T20:03:00-05:00,2.499975689947434,3.55965962967547,TAKE,KEEP,KEEP,TRANSITION,NEUTRAL,12.147321428572468,16.196428571427532,VISUAL_DIAGNOSTIC_ONLY,NOT_REVIEWED,,,,,,2026-06-23T19:55:00-05:00,2026-06-24T00:55:00+00:00,2026-06-23 19:55:00,America/Chicago,1782262500000,2026-06-23 19:55:00 America/Chicago
A — M0 STOP → M1 TARGET,5,E-061888,NQ,LONG,29805.0,11.196428571428571,29796.602678571428,29825.993303571428,STOP,2026-06-24T05:24:00-05:00,-1.0863370547580966,29793.803571428572,29832.991071428572,TARGET,2026-06-24T05:35:00-05:00,2.4999756660810943,3.586312720839191,TAKE,KEEP,KEEP,NEUTRAL,NEUTRAL,8.397321428572468,11.196428571427532,VISUAL_DIAGNOSTIC_ONLY,NOT_REVIEWED,,,,,,2026-06-24T05:14:00-05:00,2026-06-24T10:14:00+00:00,2026-06-24 05:14:00,America/Chicago,1782296040000,2026-06-24 05:14:00 America/Chicago
A — M0 STOP → M1 TARGET,6,E-061893,NQ,LONG,29752.75,44.0,29719.75,29835.25,STOP,2026-06-24T09:39:00-05:00,-1.021969696969697,29708.75,29862.75,TARGET,2026-06-24T09:47:00-05:00,2.4999755964151977,3.5219452933848947,TAKE,KEEP,KEEP,BULLISH,NEUTRAL,33.0,44.0,VISUAL_DIAGNOSTIC_ONLY,NOT_REVIEWED,,,,,,2026-06-24T09:31:00-05:00,2026-06-24T14:31:00+00:00,2026-06-24 09:31:00,America/Chicago,1782311460000,2026-06-24 09:31:00 America/Chicago
B — M1 worse than M0,7,E-061903,NQ,SHORT,29953.5,13.696428571428571,29963.772321428572,29927.819196428572,TARGET,2026-06-24T21:16:00-05:00,2.429421990438947,29967.196428571428,29919.258928571428,STOP,2026-06-24T21:19:00-05:00,-1.0000242152557304,-3.4294462056946773,TAKE,KEEP,KEEP,BEARISH,BEARISH,10.272321428572468,13.696428571427532,VISUAL_DIAGNOSTIC_ONLY,NOT_REVIEWED,,,,,,2026-06-24T21:13:00-05:00,2026-06-25T02:13:00+00:00,2026-06-24 21:13:00,America/Chicago,1782353580000,2026-06-24 21:13:00 America/Chicago
B — M1 worse than M0,8,E-061914,NQ,LONG,30138.0,9.017857142857142,30131.23660714286,30154.90848214286,TARGET,2026-06-25T04:37:00-05:00,2.392805280528028,30128.98214285714,30160.54464285714,STOP,2026-06-25T05:00:00-05:00,-1.0000240632091906,-3.3928293437372186,TAKE,KEEP,KEEP,BULLISH,BULLISH,6.763392857141298,9.017857142858702,VISUAL_DIAGNOSTIC_ONLY,NOT_REVIEWED,,,,,,2026-06-25T04:33:00-05:00,2026-06-25T09:33:00+00:00,2026-06-25 04:33:00,America/Chicago,1782379980000,2026-06-25 04:33:00 America/Chicago
A — M0 STOP → M1 TARGET,9,E-061924,NQ,SHORT,29707.5,31.732142857142858,29731.29910714286,29648.00223214286,STOP,2026-06-25T11:36:00-05:00,-1.0304633277058692,29739.23214285714,29628.16964285714,TARGET,2026-06-25T11:45:00-05:00,2.499975569292647,3.530438896998516,TAKE,KEEP,KEEP,BEARISH,NEUTRAL,23.799107142858702,31.732142857141298,VISUAL_DIAGNOSTIC_ONLY,NOT_REVIEWED,,,,,,2026-06-25T11:33:00-05:00,2026-06-25T16:33:00+00:00,2026-06-25 11:33:00,America/Chicago,1782405180000,2026-06-25 11:33:00 America/Chicago
B — M1 worse than M0,10,E-061927,NQ,LONG,29823.25,30.767857142857142,29800.17410714286,29880.93973214286,TARGET,2026-06-25T13:28:00-05:00,2.4685819307409536,29792.48214285714,29900.16964285714,STOP,2026-06-25T13:33:00-05:00,-1.0000243349982227,-3.4686062657391763,TAKE,KEEP,KEEP,BULLISH,NEUTRAL,23.075892857141298,30.767857142858702,VISUAL_DIAGNOSTIC_ONLY,NOT_REVIEWED,,,,,,2026-06-25T13:24:00-05:00,2026-06-25T18:24:00+00:00,2026-06-25 13:24:00,America/Chicago,1782411840000,2026-06-25 13:24:00 America/Chicago
C — Normal M1 winner,11,E-061935,NQ,SHORT,29362.5,16.660714285714285,29374.995535714286,29331.261160714286,TARGET,2026-06-26T00:42:00-05:00,2.4419792783136858,29379.160714285714,29320.848214285714,TARGET,2026-06-26T00:42:00-05:00,2.4999752946237814,0.057996016310095655,TAKE,KEEP,KEEP,TRANSITION,NEUTRAL,12.495535714286234,16.660714285713766,VISUAL_DIAGNOSTIC_ONLY,NOT_REVIEWED,,,,,,2026-06-26T00:40:00-05:00,2026-06-26T05:40:00+00:00,2026-06-26 00:40:00,America/Chicago,1782452400000,2026-06-26 00:40:00 America/Chicago
A — M0 STOP → M1 TARGET,12,E-061938,NQ,LONG,29366.75,16.660714285714285,29354.254464285714,29397.988839285714,STOP,2026-06-26T01:28:00-05:00,-1.0580207216863142,29350.089285714286,29408.401785714286,TARGET,2026-06-26T01:32:00-05:00,2.49997529820121,3.5579960198875242,TAKE,KEEP,KEEP,BULLISH,BULLISH,12.495535714286234,16.660714285713766,VISUAL_DIAGNOSTIC_ONLY,NOT_REVIEWED,,,,,,2026-06-26T01:24:00-05:00,2026-06-26T06:24:00+00:00,2026-06-26 01:24:00,America/Chicago,1782455040000,2026-06-26 01:24:00 America/Chicago
C — Normal M1 winner,13,E-061940,NQ,SHORT,29472.5,13.803571428571429,29482.852678571428,29446.618303571428,TARGET,2026-06-26T03:44:00-05:00,2.429969814575241,29486.303571428572,29437.991071428572,TARGET,2026-06-26T03:46:00-05:00,2.499975389270813,0.07000557469557211,TAKE,KEEP,KEEP,BEARISH,NEUTRAL,10.352678571427532,13.803571428572468,VISUAL_DIAGNOSTIC_ONLY,NOT_REVIEWED,,,,,,2026-06-26T03:43:00-05:00,2026-06-26T08:43:00+00:00,2026-06-26 03:43:00,America/Chicago,1782463380000,2026-06-26 03:43:00 America/Chicago
A — M0 STOP → M1 TARGET,14,E-061941,NQ,SHORT,29370.75,12.785714285714286,29380.339285714286,29346.776785714286,STOP,2026-06-26T04:59:00-05:00,-1.0756052141526962,29383.535714285714,29338.785714285714,TARGET,2026-06-26T05:01:00-05:00,2.4999753048272373,3.5755805189799332,TAKE,KEEP,KEEP,NEUTRAL,NEUTRAL,9.589285714286234,12.785714285713766,VISUAL_DIAGNOSTIC_ONLY,NOT_REVIEWED,,,,,,2026-06-26T04:58:00-05:00,2026-06-26T09:58:00+00:00,2026-06-26 04:58:00,America/Chicago,1782467880000,2026-06-26 04:58:00 America/Chicago
B — M1 worse than M0,15,E-061942,NQ,LONG,29393.75,14.696428571428571,29382.727678571428,29421.305803571428,TARGET,2026-06-26T06:12:00-05:00,2.4342243823410348,29379.053571428572,29430.491071428572,STOP,2026-06-26T06:15:00-05:00,-1.0000246774457264,-3.434249059786761,TAKE,KEEP,KEEP,BULLISH,NEUTRAL,11.022321428572468,14.696428571427532,VISUAL_DIAGNOSTIC_ONLY,NOT_REVIEWED,,,,,,2026-06-26T06:07:00-05:00,2026-06-26T11:07:00+00:00,2026-06-26 06:07:00,America/Chicago,1782472020000,2026-06-26 06:07:00 America/Chicago
D — M1 loser,16,E-061945,NQ,SHORT,29509.0,40.232142857142854,29539.17410714286,29433.56473214286,STOP,2026-06-26T09:42:00-05:00,-1.0240272229619753,29549.23214285714,29408.41964285714,STOP,2026-06-26T09:42:00-05:00,-1.0000246023180717,0.024002620643903683,TAKE,KEEP,KEEP,NEUTRAL,NEUTRAL,30.174107142858702,40.2321428571413,VISUAL_DIAGNOSTIC_ONLY,NOT_REVIEWED,,,,,,2026-06-26T09:38:00-05:00,2026-06-26T14:38:00+00:00,2026-06-26 09:38:00,America/Chicago,1782484680000,2026-06-26 09:38:00 America/Chicago
C — Normal M1 winner,17,E-061946,NQ,LONG,29514.0,36.17857142857143,29486.866071428572,29581.834821428572,TARGET,2026-06-26T10:26:00-05:00,2.4732806844356685,29477.821428571428,29604.446428571428,TARGET,2026-06-26T10:30:00-05:00,2.4999754052380787,0.0266947208024102,TAKE,KEEP,KEEP,NEUTRAL,BULLISH,27.133928571427532,36.17857142857247,VISUAL_DIAGNOSTIC_ONLY,NOT_REVIEWED,,,,,,2026-06-26T10:23:00-05:00,2026-06-26T15:23:00+00:00,2026-06-26 10:23:00,America/Chicago,1782487380000,2026-06-26 10:23:00 America/Chicago
D — M1 loser,18,E-061947,NQ,LONG,29635.0,37.857142857142854,29606.60714285714,29705.98214285714,STOP,2026-06-26T10:59:00-05:00,-1.0255345911949671,29597.14285714286,29729.64285714286,STOP,2026-06-26T11:00:00-05:00,-1.0000244956076842,0.0255100955872829,TAKE,KEEP,KEEP,NEUTRAL,NEUTRAL,28.392857142858702,37.8571428571413,VISUAL_DIAGNOSTIC_ONLY,NOT_REVIEWED,,,,,,2026-06-26T10:58:00-05:00,2026-06-26T15:58:00+00:00,2026-06-26 10:58:00,America/Chicago,1782489480000,2026-06-26 10:58:00 America/Chicago
C — Normal M1 winner,19,E-061948,NQ,SHORT,29579.25,30.642857142857142,29602.23214285714,29521.79464285714,TARGET,2026-06-26T11:12:00-05:00,2.468453768453766,29609.89285714286,29502.64285714286,TARGET,2026-06-26T11:21:00-05:00,2.499975464156517,0.03152169570275065,TAKE,KEEP,KEEP,NEUTRAL,NEUTRAL,22.982142857141298,30.642857142858702,VISUAL_DIAGNOSTIC_ONLY,NOT_REVIEWED,,,,,,2026-06-26T11:08:00-05:00,2026-06-26T16:08:00+00:00,2026-06-26 11:08:00,America/Chicago,1782490080000,2026-06-26 11:08:00 America/Chicago
D — M1 loser,20,E-061949,NQ,LONG,29634.75,27.571428571428573,29614.071428571428,29686.446428571428,STOP,2026-06-26T11:36:00-05:00,-1.0350604490500845,29607.178571428572,29703.678571428572,STOP,2026-06-26T11:36:00-05:00,-1.0000244873045991,0.0350359617454854,TAKE,KEEP,KEEP,NEUTRAL,NEUTRAL,20.678571428572468,27.571428571427532,VISUAL_DIAGNOSTIC_ONLY,NOT_REVIEWED,,,,,,2026-06-26T11:35:00-05:00,2026-06-26T16:35:00+00:00,2026-06-26 11:35:00,America/Chicago,1782491700000,2026-06-26 11:35:00 America/Chicago
A — M0 STOP → M1 TARGET,21,E-061950,NQ,SHORT,29587.25,25.553571428571427,29606.415178571428,29539.337053571428,STOP,2026-06-26T12:43:00-05:00,-1.037829023992548,29612.803571428572,29523.366071428572,TARGET,2026-06-26T13:16:00-05:00,2.4999754750204626,3.537804499013011,TAKE,KEEP,KEEP,NEUTRAL,NEUTRAL,19.165178571427532,25.553571428572468,VISUAL_DIAGNOSTIC_ONLY,NOT_REVIEWED,,,,,,2026-06-26T12:39:00-05:00,2026-06-26T17:39:00+00:00,2026-06-26 12:39:00,America/Chicago,1782495540000,2026-06-26 12:39:00 America/Chicago
D — M1 loser,22,E-061951,NQ,LONG,29501.5,24.642857142857142,29483.01785714286,29547.70535714286,STOP,2026-06-26T14:16:00-05:00,-1.0392270531401,29476.85714285714,29563.10714285714,STOP,2026-06-26T14:16:00-05:00,-1.0000245955664977,0.0392024575736023,TAKE,KEEP,KEEP,BULLISH,NEUTRAL,18.482142857141298,24.642857142858702,VISUAL_DIAGNOSTIC_ONLY,NOT_REVIEWED,,,,,,2026-06-26T14:15:00-05:00,2026-06-26T19:15:00+00:00,2026-06-26 14:15:00,America/Chicago,1782501300000,2026-06-26 14:15:00 America/Chicago
B — M1 worse than M0,23,E-061952,NQ,SHORT,29473.25,22.946428571428573,29490.459821428572,29430.225446428572,TARGET,2026-06-26T14:23:00-05:00,2.457872892347603,29496.196428571428,29415.883928571428,STOP,2026-06-26T14:34:00-05:00,-1.000024617742844,-3.457897510090447,TAKE,KEEP,KEEP,NEUTRAL,NEUTRAL,17.209821428572468,22.946428571427532,VISUAL_DIAGNOSTIC_ONLY,NOT_REVIEWED,,,,,,2026-06-26T14:22:00-05:00,2026-06-26T19:22:00+00:00,2026-06-26 14:22:00,America/Chicago,1782501720000,2026-06-26 14:22:00 America/Chicago
D — M1 loser,24,E-061952,NQ,SHORT,29473.25,22.946428571428573,29490.459821428572,29430.225446428572,TARGET,2026-06-26T14:23:00-05:00,2.457872892347603,29496.196428571428,29415.883928571428,STOP,2026-06-26T14:34:00-05:00,-1.000024617742844,-3.457897510090447,TAKE,KEEP,KEEP,NEUTRAL,NEUTRAL,17.209821428572468,22.946428571427532,VISUAL_DIAGNOSTIC_ONLY,NOT_REVIEWED,,,,,,2026-06-26T14:22:00-05:00,2026-06-26T19:22:00+00:00,2026-06-26 14:22:00,America/Chicago,1782501720000,2026-06-26 14:22:00 America/Chicago
C — Normal M1 winner,25,E-061953,NQ,LONG,29476.5,23.357142857142858,29458.98214285714,29520.29464285714,TARGET,2026-06-26T14:42:00-05:00,2.4586136595310943,29453.14285714286,29534.89285714286,TARGET,2026-06-26T14:44:00-05:00,2.4999753846303086,0.04136172509921421,TAKE,KEEP,KEEP,BULLISH,NEUTRAL,17.517857142858702,23.357142857141298,VISUAL_DIAGNOSTIC_ONLY,NOT_REVIEWED,,,,,,2026-06-26T14:41:00-05:00,2026-06-26T19:41:00+00:00,2026-06-26 14:41:00,America/Chicago,1782502860000,2026-06-26 14:41:00 America/Chicago
