event_family,vol_measure,transition,orientation,horizon,N,mean_directional_atr,era1,era2,era3,directional_replicated,uplift_pct
COMPRESSION,ATR_24,ENTER_LOW,continuation,1,2921,-0.005556055530569797,-0.017387928780318695,-0.011235114289951095,0.017246521049262085,False,
COMPRESSION,ATR_24,ENTER_LOW,reversal,1,2921,0.005556055530569797,0.017387928780318695,0.011235114289951095,-0.017246521049262085,False,
COMPRESSION,ATR_24,ENTER_LOW,magnitude,1,2921,0.41335059793432977,0.430160721535278,0.4095660759710457,0.39798048781953377,False,-17.953887216094532
COMPRESSION,ATR_RATIO,ENTER_LOW,continuation,1,10109,-0.0072612954723330955,-0.02035445432948748,-0.003467785772909907,0.004663385996418762,False,
COMPRESSION,ATR_RATIO,ENTER_LOW,reversal,1,10109,0.0072612954723330955,0.02035445432948748,0.003467785772909907,-0.004663385996418762,False,
COMPRESSION,ATR_RATIO,ENTER_LOW,magnitude,1,10109,0.3803233842215182,0.40157696950342514,0.3867176283203099,0.34675701942069037,False,-24.50947105886908
COMPRESSION,RANGE_RATIO,ENTER_LOW,continuation,1,14164,-0.007309349530360495,-0.013729350770551338,-0.009078763969694106,0.002610275576488281,False,
COMPRESSION,RANGE_RATIO,ENTER_LOW,reversal,1,14164,0.007309349530360495,0.013729350770551338,0.009078763969694106,-0.002610275576488281,False,
COMPRESSION,RANGE_RATIO,ENTER_LOW,magnitude,1,14164,0.365990844005388,0.38381452993093856,0.3659682712481518,0.34389180580419554,False,-27.354342257626364
COMPRESSION,RV_RATIO,ENTER_LOW,continuation,1,24077,-0.0024444566010505112,-0.002636158565107801,-0.009314884517058808,0.005666781668443424,False,
COMPRESSION,RV_RATIO,ENTER_LOW,reversal,1,24077,0.0024444566010505112,0.002636158565107801,0.009314884517058808,-0.005666781668443424,False,
COMPRESSION,RV_RATIO,ENTER_LOW,magnitude,1,24077,0.4127816266042023,0.42333078703060684,0.41356858115796524,0.3993586920678823,False,-18.06682254546319
COMPRESSION_EXPANSION,ATR_24,LOW->HIGH,continuation,1,1,1.8400041268475054,1.8400041268475054,,,False,
COMPRESSION_EXPANSION,ATR_24,LOW->HIGH,reversal,1,1,-1.8400041268475054,-1.8400041268475054,,,False,
COMPRESSION_EXPANSION,ATR_24,LOW->HIGH,magnitude,1,1,1.8400041268475054,1.8400041268475054,,,False,
COMPRESSION_EXPANSION,ATR_24,LOW->NORMAL,continuation,1,1882,-0.003448645203633414,-0.07757445566349741,0.027766025263716992,0.043257075530191834,False,
COMPRESSION_EXPANSION,ATR_24,LOW->NORMAL,reversal,1,1882,0.003448645203633414,0.07757445566349741,-0.027766025263716992,-0.043257075530191834,False,
COMPRESSION_EXPANSION,ATR_24,LOW->NORMAL,magnitude,1,1882,0.8893346871724289,0.8779941228244623,0.8985033401324976,0.8903095807923147,True,76.52437037959912
COMPRESSION_EXPANSION,ATR_RATIO,LOW->HIGH,continuation,1,20,-2.1977435097719993,-2.237474408987842,-4.703192712269135,-0.10597616949943796,False,
COMPRESSION_EXPANSION,ATR_RATIO,LOW->HIGH,reversal,1,20,2.1977435097719993,2.237474408987842,4.703192712269135,0.10597616949943796,False,
COMPRESSION_EXPANSION,ATR_RATIO,LOW->HIGH,magnitude,1,20,3.4737306065899873,4.159281540848593,5.034279808692838,0.7170791895387711,False,
COMPRESSION_EXPANSION,ATR_RATIO,LOW->NORMAL,continuation,1,4478,0.009448789211749612,0.02263955560266711,-0.005235526544364255,0.010899745287940616,False,
COMPRESSION_EXPANSION,ATR_RATIO,LOW->NORMAL,reversal,1,4478,-0.009448789211749612,-0.02263955560266711,0.005235526544364255,-0.010899745287940616,False,
COMPRESSION_EXPANSION,ATR_RATIO,LOW->NORMAL,magnitude,1,4478,0.5203742849792163,0.5525635849802314,0.5061152372119553,0.4984973098570115,False,3.289283936228826
COMPRESSION_EXPANSION,RANGE_RATIO,LOW->HIGH,continuation,1,9,-0.0530256245344562,0.11221307537706622,,-0.6313610742247846,False,
COMPRESSION_EXPANSION,RANGE_RATIO,LOW->HIGH,reversal,1,9,0.0530256245344562,-0.11221307537706622,,0.6313610742247846,False,
COMPRESSION_EXPANSION,RANGE_RATIO,LOW->HIGH,magnitude,1,9,2.2123483076174986,2.6640589457297024,,0.6313610742247846,False,
COMPRESSION_EXPANSION,RANGE_RATIO,LOW->NORMAL,continuation,1,5869,0.023019873266656537,0.0383090663258161,0.014701470109471097,0.014261284087948425,False,
COMPRESSION_EXPANSION,RANGE_RATIO,LOW->NORMAL,reversal,1,5869,-0.023019873266656537,-0.0383090663258161,-0.014701470109471097,-0.014261284087948425,False,
COMPRESSION_EXPANSION,RANGE_RATIO,LOW->NORMAL,magnitude,1,5869,0.4660603436530754,0.47579811446923453,0.45582968766040477,0.4657419678956347,False,-7.49151032910561
COMPRESSION_EXPANSION,RV_RATIO,LOW->HIGH,continuation,1,110,-0.05903581077937048,0.41229999058707584,-0.7834330900484434,0.15006501931828667,False,
COMPRESSION_EXPANSION,RV_RATIO,LOW->HIGH,reversal,1,110,0.05903581077937048,-0.41229999058707584,0.7834330900484434,-0.15006501931828667,False,
COMPRESSION_EXPANSION,RV_RATIO,LOW->HIGH,magnitude,1,110,0.9782218915900553,1.1685571960335617,1.0263431103158869,0.6280412540600527,False,
COMPRESSION_EXPANSION,RV_RATIO,LOW->NORMAL,continuation,1,5762,0.004107368841112797,0.02275609495855077,-0.0012027379209500763,-0.010108188554017902,False,
COMPRESSION_EXPANSION,RV_RATIO,LOW->NORMAL,reversal,1,5762,-0.004107368841112797,-0.02275609495855077,0.0012027379209500763,0.010108188554017902,False,
COMPRESSION_EXPANSION,RV_RATIO,LOW->NORMAL,magnitude,1,5762,0.4269318295510518,0.43704775852266997,0.4214534150046548,0.42214102016536703,False,-15.258143538600333
REGIME_TRANSITION,ATR_24,HIGH->NORMAL,continuation,1,1867,-0.02416769596628402,-0.033286989834639805,-0.02200553720923724,-0.016200445554641667,False,
REGIME_TRANSITION,ATR_24,HIGH->NORMAL,reversal,1,1867,0.02416769596628402,0.033286989834639805,0.02200553720923724,0.016200445554641667,False,
REGIME_TRANSITION,ATR_24,HIGH->NORMAL,magnitude,1,1867,0.3566358321680426,0.3581420383771226,0.35760561480768754,0.3535297237006824,False,-29.211222010885006
REGIME_TRANSITION,ATR_24,LOW->HIGH,continuation,1,1,1.8400041268475054,1.8400041268475054,,,False,
REGIME_TRANSITION,ATR_24,LOW->HIGH,reversal,1,1,-1.8400041268475054,-1.8400041268475054,,,False,
REGIME_TRANSITION,ATR_24,LOW->HIGH,magnitude,1,1,1.8400041268475054,1.8400041268475054,,,False,
REGIME_TRANSITION,ATR_24,LOW->NORMAL,continuation,1,1882,-0.003448645203633414,-0.07757445566349741,0.027766025263716992,0.043257075530191834,False,
REGIME_TRANSITION,ATR_24,LOW->NORMAL,reversal,1,1882,0.003448645203633414,0.07757445566349741,-0.027766025263716992,-0.043257075530191834,False,
REGIME_TRANSITION,ATR_24,LOW->NORMAL,magnitude,1,1882,0.8893346871724289,0.8779941228244623,0.8985033401324976,0.8903095807923147,True,76.52437037959912
REGIME_TRANSITION,ATR_24,NORMAL->HIGH,continuation,1,1905,0.0010549797881531007,0.12737678561113816,-0.07507414476232582,-0.048940784675344844,False,
REGIME_TRANSITION,ATR_24,NORMAL->HIGH,reversal,1,1905,-0.0010549797881531007,-0.12737678561113816,0.07507414476232582,0.048940784675344844,False,
REGIME_TRANSITION,ATR_24,NORMAL->HIGH,magnitude,1,1905,0.868828195638583,0.8511502486192262,0.8725836627134718,0.8848622328551591,True,72.45402930450184
REGIME_TRANSITION,ATR_24,NORMAL->LOW,continuation,1,1993,-0.014925201695096618,-0.019176907798228806,-0.021521078436259035,-0.0006145593996593752,False,
REGIME_TRANSITION,ATR_24,NORMAL->LOW,reversal,1,1993,0.014925201695096618,0.019176907798228806,0.021521078436259035,0.0006145593996593752,False,
REGIME_TRANSITION,ATR_24,NORMAL->LOW,magnitude,1,1993,0.3758649017191379,0.38495815690774804,0.37385611208197594,0.36790723325586017,False,-25.394436896739904
VOLATILITY_SHOCK,SHOCK_SCORE,SHOCK_ONSET,continuation,1,76438,-0.003814167619473521,-0.012042549044239098,0.00042402401360608653,0.0008881712962708313,False,
VOLATILITY_SHOCK,SHOCK_SCORE,SHOCK_ONSET,reversal,1,76438,0.003814167619473521,0.012042549044239098,-0.00042402401360608653,-0.0008881712962708313,False,
VOLATILITY_SHOCK,SHOCK_SCORE,SHOCK_ONSET,magnitude,1,76438,0.5857388004936377,0.5685855347298012,0.6036988354766173,0.5839183486773377,True,16.263510751823198
COMPRESSION,ATR_24,ENTER_LOW,continuation,3,2921,-0.03405519984006073,-0.046308203510279304,-0.03813016425556025,-0.013035621256418571,False,
COMPRESSION,ATR_24,ENTER_LOW,reversal,3,2921,0.03405519984006073,0.046308203510279304,0.03813016425556025,0.013035621256418571,True,
COMPRESSION,ATR_24,ENTER_LOW,magnitude,3,2921,0.7603797330197414,0.7779436059847409,0.7401914218323339,0.7676403624266092,False,-14.175802356828482
COMPRESSION,ATR_RATIO,ENTER_LOW,continuation,3,10109,0.0013992846679267794,-0.018633018438311992,0.0034706741394983183,0.023869320941248443,False,
COMPRESSION,ATR_RATIO,ENTER_LOW,reversal,3,10109,-0.0013992846679267794,0.018633018438311992,-0.0034706741394983183,-0.023869320941248443,False,
COMPRESSION,ATR_RATIO,ENTER_LOW,magnitude,3,10109,0.6856583003580904,0.7307467900059949,0.6627357443682473,0.6557544452542401,False,-22.60962394156024
COMPRESSION,RANGE_RATIO,ENTER_LOW,continuation,3,14164,-0.014540934144473308,-0.013782343787917093,-0.013631296028169143,-0.016485381287512257,False,
COMPRESSION,RANGE_RATIO,ENTER_LOW,reversal,3,14164,0.014540934144473308,0.013782343787917093,0.013631296028169143,0.016485381287512257,False,
COMPRESSION,RANGE_RATIO,ENTER_LOW,magnitude,3,14164,0.6540219964027337,0.7140220586423854,0.629191329921823,0.6069206945164646,False,-26.180419276387358
COMPRESSION,RV_RATIO,ENTER_LOW,continuation,3,24077,0.00034369967905675526,-0.0038073537805576553,0.0037566006988805074,0.0013539794600615825,False,
COMPRESSION,RV_RATIO,ENTER_LOW,reversal,3,24077,-0.00034369967905675526,0.0038073537805576553,-0.0037566006988805074,-0.0013539794600615825,False,
COMPRESSION,RV_RATIO,ENTER_LOW,magnitude,3,24077,0.739786859224964,0.7686230703751096,0.7305248068493008,0.7161916558498079,False,-16.500123737127524
COMPRESSION_EXPANSION,ATR_24,LOW->HIGH,continuation,3,1,-15.472761975763115,-15.472761975763115,,,False,
COMPRESSION_EXPANSION,ATR_24,LOW->HIGH,reversal,3,1,15.472761975763115,15.472761975763115,,,False,
COMPRESSION_EXPANSION,ATR_24,LOW->HIGH,magnitude,3,1,15.472761975763115,15.472761975763115,,,False,
COMPRESSION_EXPANSION,ATR_24,LOW->NORMAL,continuation,3,1882,-0.08582742155479435,-0.12147079541053957,-0.031446246784624064,-0.11867130861242772,False,
COMPRESSION_EXPANSION,ATR_24,LOW->NORMAL,reversal,3,1882,0.08582742155479435,0.12147079541053957,0.031446246784624064,0.11867130861242772,True,
COMPRESSION_EXPANSION,ATR_24,LOW->NORMAL,magnitude,3,1882,1.4225677491126953,1.4357044753996164,1.399153819531595,1.4394079614416255,True,60.56547848242006
COMPRESSION_EXPANSION,ATR_RATIO,LOW->HIGH,continuation,3,20,-2.524719753254541,-3.1582429297570003,-4.994394882354251,0.8447713383306381,False,
COMPRESSION_EXPANSION,ATR_RATIO,LOW->HIGH,reversal,3,20,2.524719753254541,3.1582429297570003,4.994394882354251,-0.8447713383306381,False,
COMPRESSION_EXPANSION,ATR_RATIO,LOW->HIGH,magnitude,3,20,4.01302348683703,4.8977018970888375,5.194655907486141,1.1214250477637642,False,
COMPRESSION_EXPANSION,ATR_RATIO,LOW->NORMAL,continuation,3,4478,-0.006296792196908896,0.022434183006084685,-0.04244036361086512,0.0017638889004645633,False,
COMPRESSION_EXPANSION,ATR_RATIO,LOW->NORMAL,reversal,3,4478,0.006296792196908896,-0.022434183006084685,0.04244036361086512,-0.0017638889004645633,False,
COMPRESSION_EXPANSION,ATR_RATIO,LOW->NORMAL,magnitude,3,4478,0.9017961812153646,0.9854048889570125,0.8459573625867716,0.8671239798225573,False,1.7858976634183676
COMPRESSION_EXPANSION,RANGE_RATIO,LOW->HIGH,continuation,3,9,-1.4604903918763286,-1.5854971751510318,,-1.0229666504148673,False,
COMPRESSION_EXPANSION,RANGE_RATIO,LOW->HIGH,reversal,3,9,1.4604903918763286,1.5854971751510318,,1.0229666504148673,False,
COMPRESSION_EXPANSION,RANGE_RATIO,LOW->HIGH,magnitude,3,9,4.8503398168063825,5.943875007203958,,1.0229666504148673,False,
COMPRESSION_EXPANSION,RANGE_RATIO,LOW->NORMAL,continuation,3,5869,0.02351216517160423,0.05139317962983461,0.0005586294962459325,0.01584117283024177,False,
COMPRESSION_EXPANSION,RANGE_RATIO,LOW->NORMAL,reversal,3,5869,-0.02351216517160423,-0.05139317962983461,-0.0005586294962459325,-0.01584117283024177,False,
COMPRESSION_EXPANSION,RANGE_RATIO,LOW->NORMAL,magnitude,3,5869,0.7864862381645163,0.8314860087855264,0.7638352227214691,0.7587539595994705,False,-11.22915641136183
COMPRESSION_EXPANSION,RV_RATIO,LOW->HIGH,continuation,3,110,-0.17886880902571395,0.2039884780494721,-1.0173955148175886,0.3100886903877748,False,
COMPRESSION_EXPANSION,RV_RATIO,LOW->HIGH,reversal,3,110,0.17886880902571395,-0.2039884780494721,1.0173955148175886,-0.3100886903877748,False,
COMPRESSION_EXPANSION,RV_RATIO,LOW->HIGH,magnitude,3,110,1.5918056322082967,2.189628787688614,1.4562135455850187,0.8577604033782066,False,
COMPRESSION_EXPANSION,RV_RATIO,LOW->NORMAL,continuation,3,5762,0.0010925202313187606,0.04273955217200988,-0.01670089642993423,-0.02398303651265077,False,
COMPRESSION_EXPANSION,RV_RATIO,LOW->NORMAL,reversal,3,5762,-0.0010925202313187606,-0.04273955217200988,0.01670089642993423,0.02398303651265077,False,
COMPRESSION_EXPANSION,RV_RATIO,LOW->NORMAL,magnitude,3,5762,0.7405672364360568,0.7935813064005266,0.7231963317074472,0.702713514383134,False,-16.412042420526575
REGIME_TRANSITION,ATR_24,HIGH->NORMAL,continuation,3,1867,-0.035150548157291,-0.0830943427095652,-0.009989994130770005,-0.011872573089882947,False,
REGIME_TRANSITION,ATR_24,HIGH->NORMAL,reversal,3,1867,0.035150548157291,0.0830943427095652,0.009989994130770005,0.011872573089882947,False,
REGIME_TRANSITION,ATR_24,HIGH->NORMAL,magnitude,3,1867,0.6292459653289141,0.6627595990194453,0.6103869033697464,0.6146894519733621,False,-28.97689437343949
REGIME_TRANSITION,ATR_24,LOW->HIGH,continuation,3,1,-15.472761975763115,-15.472761975763115,,,False,
REGIME_TRANSITION,ATR_24,LOW->HIGH,reversal,3,1,15.472761975763115,15.472761975763115,,,False,
REGIME_TRANSITION,ATR_24,LOW->HIGH,magnitude,3,1,15.472761975763115,15.472761975763115,,,False,
REGIME_TRANSITION,ATR_24,LOW->NORMAL,continuation,3,1882,-0.08582742155479435,-0.12147079541053957,-0.031446246784624064,-0.11867130861242772,False,
REGIME_TRANSITION,ATR_24,LOW->NORMAL,reversal,3,1882,0.08582742155479435,0.12147079541053957,0.031446246784624064,0.11867130861242772,True,
REGIME_TRANSITION,ATR_24,LOW->NORMAL,magnitude,3,1882,1.4225677491126953,1.4357044753996164,1.399153819531595,1.4394079614416255,True,60.56547848242006
REGIME_TRANSITION,ATR_24,NORMAL->HIGH,continuation,3,1905,0.01410834363646768,0.11798482682323226,-0.026842042412880743,-0.05536988113310136,False,
REGIME_TRANSITION,ATR_24,NORMAL->HIGH,reversal,3,1905,-0.01410834363646768,-0.11798482682323226,0.026842042412880743,0.05536988113310136,False,
REGIME_TRANSITION,ATR_24,NORMAL->HIGH,magnitude,3,1905,1.4429061743821787,1.3762658799138026,1.4548766566576947,1.5062138915965868,True,62.86108021176506
REGIME_TRANSITION,ATR_24,NORMAL->LOW,continuation,3,1993,-0.027689327282679477,-0.022584394676821044,-0.02079814988916235,-0.04342655975402759,False,
REGIME_TRANSITION,ATR_24,NORMAL->LOW,reversal,3,1993,0.027689327282679477,0.022584394676821044,0.02079814988916235,0.04342655975402759,False,
REGIME_TRANSITION,ATR_24,NORMAL->LOW,magnitude,3,1993,0.7162520303814082,0.7522709763354983,0.6840322549353972,0.7188303338230246,False,-19.156504114529184
VOLATILITY_SHOCK,SHOCK_SCORE,SHOCK_ONSET,continuation,3,76438,0.002248372700524346,-0.012546053459721894,0.008779653036289962,0.012090064931364377,False,
VOLATILITY_SHOCK,SHOCK_SCORE,SHOCK_ONSET,reversal,3,76438,-0.002248372700524346,0.012546053459721894,-0.008779653036289962,-0.012090064931364377,False,
VOLATILITY_SHOCK,SHOCK_SCORE,SHOCK_ONSET,magnitude,3,76438,0.9933904791149313,0.9851198602720709,0.9989286024252755,0.9964888338103542,True,12.12416259152349
COMPRESSION,ATR_24,ENTER_LOW,continuation,6,2921,-0.018875884327364933,-0.07164623882233484,-0.032719648591982974,0.06632613782765917,False,
COMPRESSION,ATR_24,ENTER_LOW,reversal,6,2921,0.018875884327364933,0.07164623882233484,0.032719648591982974,-0.06632613782765917,False,
COMPRESSION,ATR_24,ENTER_LOW,magnitude,6,2921,1.0693783489100588,1.1054385210437176,1.022187195566567,1.0925344341160308,False,-16.475243725647402
COMPRESSION,ATR_RATIO,ENTER_LOW,continuation,6,10109,0.004546894782787115,-0.017094168824511036,0.018491217776881664,0.015569093761167113,False,
COMPRESSION,ATR_RATIO,ENTER_LOW,reversal,6,10109,-0.004546894782787115,0.017094168824511036,-0.018491217776881664,-0.015569093761167113,False,
COMPRESSION,ATR_RATIO,ENTER_LOW,magnitude,6,10109,0.9811818844869894,1.0156413927590013,0.9420250739846625,0.9828225308440671,False,-23.363907782390946
COMPRESSION,RANGE_RATIO,ENTER_LOW,continuation,6,14164,-0.008298028391036666,0.003287885638860532,-0.011165067350997076,-0.01951844010637763,False,
COMPRESSION,RANGE_RATIO,ENTER_LOW,reversal,6,14164,0.008298028391036666,-0.003287885638860532,0.011165067350997076,0.01951844010637763,False,
COMPRESSION,RANGE_RATIO,ENTER_LOW,magnitude,6,14164,0.9817689480571202,1.0799478729884207,0.9204140222234918,0.9275439047035474,False,-23.318054655045785
COMPRESSION,RV_RATIO,ENTER_LOW,continuation,6,24077,0.006873781227904871,0.0043883901711206106,0.012457937119227129,0.003415740186656414,False,
COMPRESSION,RV_RATIO,ENTER_LOW,reversal,6,24077,-0.006873781227904871,-0.0043883901711206106,-0.012457937119227129,-0.003415740186656414,False,
COMPRESSION,RV_RATIO,ENTER_LOW,magnitude,6,24077,1.082485460040391,1.126041983640201,1.0610108599620296,1.055433684524387,False,-15.45150104024735
COMPRESSION_EXPANSION,ATR_24,LOW->HIGH,continuation,6,1,-25.153692779517602,-25.153692779517602,,,False,
COMPRESSION_EXPANSION,ATR_24,LOW->HIGH,reversal,6,1,25.153692779517602,25.153692779517602,,,False,
COMPRESSION_EXPANSION,ATR_24,LOW->HIGH,magnitude,6,1,25.153692779517602,25.153692779517602,,,False,
COMPRESSION_EXPANSION,ATR_24,LOW->NORMAL,continuation,6,1882,-0.026573249360721085,0.049987285945886334,-0.03448981123296954,-0.10897827013050915,False,
COMPRESSION_EXPANSION,ATR_24,LOW->NORMAL,reversal,6,1882,0.026573249360721085,-0.049987285945886334,0.03448981123296954,0.10897827013050915,False,
COMPRESSION_EXPANSION,ATR_24,LOW->NORMAL,magnitude,6,1882,2.030205128569832,2.0343249617887937,2.0431988230295093,2.0069211641730558,True,58.57099474995822
COMPRESSION_EXPANSION,ATR_RATIO,LOW->HIGH,continuation,6,20,-2.1090148908185413,-2.2376322570271205,-5.823068912896483,1.145186532502686,False,
COMPRESSION_EXPANSION,ATR_RATIO,LOW->HIGH,reversal,6,20,2.1090148908185413,2.2376322570271205,5.823068912896483,-1.145186532502686,False,
COMPRESSION_EXPANSION,ATR_RATIO,LOW->HIGH,magnitude,6,20,5.094537055066486,6.4040116367662225,5.823068912896483,1.630867489063063,False,
COMPRESSION_EXPANSION,ATR_RATIO,LOW->NORMAL,continuation,6,4478,-0.027084870982489965,0.023136109989763644,-0.10991163346148282,0.010153449411381802,False,
COMPRESSION_EXPANSION,ATR_RATIO,LOW->NORMAL,reversal,6,4478,0.027084870982489965,-0.023136109989763644,0.10991163346148282,-0.010153449411381802,False,
COMPRESSION_EXPANSION,ATR_RATIO,LOW->NORMAL,magnitude,6,4478,1.26104820529536,1.3331067293328032,1.2485245459105914,1.1892234973949933,False,-1.5046974675905878
COMPRESSION_EXPANSION,RANGE_RATIO,LOW->HIGH,continuation,6,9,-1.0778895126558334,-0.8939453973624045,,-1.7216939161828344,False,
COMPRESSION_EXPANSION,RANGE_RATIO,LOW->HIGH,reversal,6,9,1.0778895126558334,0.8939453973624045,,1.7216939161828344,False,
COMPRESSION_EXPANSION,RANGE_RATIO,LOW->HIGH,magnitude,6,9,7.845068236049619,9.594603756011557,,1.7216939161828344,False,
COMPRESSION_EXPANSION,RANGE_RATIO,LOW->NORMAL,continuation,6,5869,0.031088307604648847,0.044524162048506025,0.004215426963217975,0.044252714585424395,True,
COMPRESSION_EXPANSION,RANGE_RATIO,LOW->NORMAL,reversal,6,5869,-0.031088307604648847,-0.044524162048506025,-0.004215426963217975,-0.044252714585424395,False,
COMPRESSION_EXPANSION,RANGE_RATIO,LOW->NORMAL,magnitude,6,5869,1.1027947275843997,1.147339609844618,1.0836400652375848,1.0718585350946728,False,-13.865227460412033
COMPRESSION_EXPANSION,RV_RATIO,LOW->HIGH,continuation,6,110,-0.09669332002133295,0.3589278599546032,-0.8314135117375345,0.149420996342745,False,
COMPRESSION_EXPANSION,RV_RATIO,LOW->HIGH,reversal,6,110,0.09669332002133295,-0.3589278599546032,0.8314135117375345,-0.149420996342745,False,
COMPRESSION_EXPANSION,RV_RATIO,LOW->HIGH,magnitude,6,110,1.9268268244048372,2.7644456259193038,1.6269181769692078,1.038598986076623,False,
COMPRESSION_EXPANSION,RV_RATIO,LOW->NORMAL,continuation,6,5762,0.005217531024246902,0.037086490896554296,-0.0011706546622859422,-0.022095207909999935,False,
COMPRESSION_EXPANSION,RV_RATIO,LOW->NORMAL,reversal,6,5762,-0.005217531024246902,-0.037086490896554296,0.0011706546622859422,0.022095207909999935,False,
COMPRESSION_EXPANSION,RV_RATIO,LOW->NORMAL,magnitude,6,5762,1.0634805183629317,1.1467032600273597,1.0343949836797168,1.0060985192103333,False,-16.935899076953433
REGIME_TRANSITION,ATR_24,HIGH->NORMAL,continuation,6,1867,-0.04028375446983089,-0.08675986623650606,-0.017960642342760253,-0.014929406122788287,False,
REGIME_TRANSITION,ATR_24,HIGH->NORMAL,reversal,6,1867,0.04028375446983089,0.08675986623650606,0.017960642342760253,0.014929406122788287,False,
REGIME_TRANSITION,ATR_24,HIGH->NORMAL,magnitude,6,1867,0.9071437928520281,0.9663978481227354,0.8643954184276951,0.8940950138205775,False,-29.146719417890445
REGIME_TRANSITION,ATR_24,LOW->HIGH,continuation,6,1,-25.153692779517602,-25.153692779517602,,,False,
REGIME_TRANSITION,ATR_24,LOW->HIGH,reversal,6,1,25.153692779517602,25.153692779517602,,,False,
REGIME_TRANSITION,ATR_24,LOW->HIGH,magnitude,6,1,25.153692779517602,25.153692779517602,,,False,
REGIME_TRANSITION,ATR_24,LOW->NORMAL,continuation,6,1882,-0.026573249360721085,0.049987285945886334,-0.03448981123296954,-0.10897827013050915,False,
REGIME_TRANSITION,ATR_24,LOW->NORMAL,reversal,6,1882,0.026573249360721085,-0.049987285945886334,0.03448981123296954,0.10897827013050915,False,
REGIME_TRANSITION,ATR_24,LOW->NORMAL,magnitude,6,1882,2.030205128569832,2.0343249617887937,2.0431988230295093,2.0069211641730558,True,58.57099474995822
REGIME_TRANSITION,ATR_24,NORMAL->HIGH,continuation,6,1905,0.04272900921963216,0.1371456160385655,0.018006894477798404,-0.036796748724150695,False,
REGIME_TRANSITION,ATR_24,NORMAL->HIGH,reversal,6,1905,-0.04272900921963216,-0.1371456160385655,-0.018006894477798404,0.036796748724150695,False,
REGIME_TRANSITION,ATR_24,NORMAL->HIGH,magnitude,6,1905,1.9248676581224387,1.9359853186268963,1.87242941566081,1.980388569006334,True,50.34351702456492
REGIME_TRANSITION,ATR_24,NORMAL->LOW,continuation,6,1993,-0.01618107042137699,-0.05169777879524501,-0.006538033034665097,0.012374650206316463,False,
REGIME_TRANSITION,ATR_24,NORMAL->LOW,reversal,6,1993,0.01618107042137699,0.05169777879524501,0.006538033034665097,-0.012374650206316463,False,
REGIME_TRANSITION,ATR_24,NORMAL->LOW,magnitude,6,1993,1.0039531969421114,1.0913110973095501,0.9184314760281909,1.0205756183314505,False,-21.58533397378548
VOLATILITY_SHOCK,SHOCK_SCORE,SHOCK_ONSET,continuation,6,76438,0.009039973023791567,-0.008642586010100716,0.02004455560354261,0.01672901462388147,False,
VOLATILITY_SHOCK,SHOCK_SCORE,SHOCK_ONSET,reversal,6,76438,-0.009039973023791567,0.008642586010100716,-0.02004455560354261,-0.01672901462388147,False,
VOLATILITY_SHOCK,SHOCK_SCORE,SHOCK_ONSET,magnitude,6,76438,1.4126824718969995,1.404661603878956,1.4141280150608688,1.4206873080343572,True,10.338833097294042
COMPRESSION,ATR_24,ENTER_LOW,continuation,12,2921,-0.036231823501046444,-0.09725966889956737,-0.09813572449159697,0.12822811964782563,False,
COMPRESSION,ATR_24,ENTER_LOW,reversal,12,2921,0.036231823501046444,0.09725966889956737,0.09813572449159697,-0.12822811964782563,False,
COMPRESSION,ATR_24,ENTER_LOW,magnitude,12,2921,1.6763644308765917,1.832407006850566,1.6024539444313384,1.589395727432678,False,-10.578249536234917
COMPRESSION,ATR_RATIO,ENTER_LOW,continuation,12,10109,0.002946064285623518,-0.01665136352404205,0.03602959221304934,-0.010229705304474234,False,
COMPRESSION,ATR_RATIO,ENTER_LOW,reversal,12,10109,-0.002946064285623518,0.01665136352404205,-0.03602959221304934,0.010229705304474234,False,
COMPRESSION,ATR_RATIO,ENTER_LOW,magnitude,12,10109,1.373718436758512,1.451865406636069,1.3086395028744437,1.350586388556207,False,-26.722194174056536
COMPRESSION,RANGE_RATIO,ENTER_LOW,continuation,12,14164,-0.02529182672433577,-0.009527498972298903,-0.028758737439967767,-0.04103742688444161,False,
COMPRESSION,RANGE_RATIO,ENTER_LOW,reversal,12,14164,0.02529182672433577,0.009527498972298903,0.028758737439967767,0.04103742688444161,False,
COMPRESSION,RANGE_RATIO,ENTER_LOW,magnitude,12,14164,1.4445089678937693,1.5554623196435162,1.3589876028320784,1.4010698865287856,False,-22.94603840877093
COMPRESSION,RV_RATIO,ENTER_LOW,continuation,12,24077,0.010086726178942844,0.01828977235223687,0.0130172482287446,-0.003011516641966612,False,
COMPRESSION,RV_RATIO,ENTER_LOW,reversal,12,24077,-0.010086726178942844,-0.01828977235223687,-0.0130172482287446,0.003011516641966612,False,
COMPRESSION,RV_RATIO,ENTER_LOW,magnitude,12,24077,1.5965465581220686,1.6299341296373318,1.5611877776889322,1.5974953694755047,False,-14.83594778402657
COMPRESSION_EXPANSION,ATR_24,LOW->HIGH,continuation,12,1,-22.24732262461075,-22.24732262461075,,,False,
COMPRESSION_EXPANSION,ATR_24,LOW->HIGH,reversal,12,1,22.24732262461075,22.24732262461075,,,False,
COMPRESSION_EXPANSION,ATR_24,LOW->HIGH,magnitude,12,1,22.24732262461075,22.24732262461075,,,False,
COMPRESSION_EXPANSION,ATR_24,LOW->NORMAL,continuation,12,1882,-0.0887069078000809,0.16916170451729426,-0.14677040968559737,-0.3221566329150603,False,
COMPRESSION_EXPANSION,ATR_24,LOW->NORMAL,reversal,12,1882,0.0887069078000809,-0.16916170451729426,0.14677040968559737,0.3221566329150603,False,
COMPRESSION_EXPANSION,ATR_24,LOW->NORMAL,magnitude,12,1882,2.885438008561547,2.8704021298121405,2.942353185137164,2.8238610979709873,True,53.91696031472799
COMPRESSION_EXPANSION,ATR_RATIO,LOW->HIGH,continuation,12,20,-0.6829584230504933,-1.0879609402606887,-0.7663850367737908,0.274788405790575,False,
COMPRESSION_EXPANSION,ATR_RATIO,LOW->HIGH,reversal,12,20,0.6829584230504933,1.0879609402606887,0.7663850367737908,-0.274788405790575,False,
COMPRESSION_EXPANSION,ATR_RATIO,LOW->HIGH,magnitude,12,20,2.992075078889675,4.635539063758137,0.7663850367737908,1.1570063458717654,False,
COMPRESSION_EXPANSION,ATR_RATIO,LOW->NORMAL,continuation,12,4478,0.005418609626532095,0.054511997677902144,-0.014577557756822866,-0.030009810367704885,False,
COMPRESSION_EXPANSION,ATR_RATIO,LOW->NORMAL,reversal,12,4478,-0.005418609626532095,-0.054511997677902144,0.014577557756822866,0.030009810367704885,False,
COMPRESSION_EXPANSION,ATR_RATIO,LOW->NORMAL,magnitude,12,4478,1.8587944320842407,1.9775474551542764,1.7848664374209249,1.8032071014743836,False,-0.8469466377569512
COMPRESSION_EXPANSION,RANGE_RATIO,LOW->HIGH,continuation,12,9,-1.2414130449278251,-0.85225805101442,,-2.603455523624744,False,
COMPRESSION_EXPANSION,RANGE_RATIO,LOW->HIGH,reversal,12,9,1.2414130449278251,0.85225805101442,,2.603455523624744,False,
COMPRESSION_EXPANSION,RANGE_RATIO,LOW->HIGH,magnitude,12,9,7.601568764893705,9.029601119541981,,2.603455523624744,False,
COMPRESSION_EXPANSION,RANGE_RATIO,LOW->NORMAL,continuation,12,5869,0.03150324627797624,0.03511713536109228,-0.0005305361460077894,0.06149626776975627,False,
COMPRESSION_EXPANSION,RANGE_RATIO,LOW->NORMAL,reversal,12,5869,-0.03150324627797624,-0.03511713536109228,0.0005305361460077894,-0.06149626776975627,False,
COMPRESSION_EXPANSION,RANGE_RATIO,LOW->NORMAL,magnitude,12,5869,1.5661436616370892,1.6825075814600328,1.5085876059577499,1.4933471793402202,False,-16.45771938260069
COMPRESSION_EXPANSION,RV_RATIO,LOW->HIGH,continuation,12,110,0.12729907518177172,0.47469406628663474,-0.20466874515096184,0.023762169792018728,False,
COMPRESSION_EXPANSION,RV_RATIO,LOW->HIGH,reversal,12,110,-0.12729907518177172,-0.47469406628663474,0.20466874515096184,-0.023762169792018728,False,
COMPRESSION_EXPANSION,RV_RATIO,LOW->HIGH,magnitude,12,110,2.0806200012063036,3.210915989940205,1.2136110981244896,1.471871929128217,False,
COMPRESSION_EXPANSION,RV_RATIO,LOW->NORMAL,continuation,12,5762,0.014010309825289776,0.058445174506818826,0.019063044660995794,-0.03976394514059791,False,
COMPRESSION_EXPANSION,RV_RATIO,LOW->NORMAL,reversal,12,5762,-0.014010309825289776,-0.058445174506818826,-0.019063044660995794,0.03976394514059791,False,
COMPRESSION_EXPANSION,RV_RATIO,LOW->NORMAL,magnitude,12,5762,1.5038911885428339,1.6640156823381236,1.4302360672701873,1.4133743296329337,False,-19.77843235661424
REGIME_TRANSITION,ATR_24,HIGH->NORMAL,continuation,12,1867,-0.05116929555679,-0.12801106711675567,-0.0636525110894999,0.057386758627223505,False,
REGIME_TRANSITION,ATR_24,HIGH->NORMAL,reversal,12,1867,0.05116929555679,0.12801106711675567,0.0636525110894999,-0.057386758627223505,False,
REGIME_TRANSITION,ATR_24,HIGH->NORMAL,magnitude,12,1867,1.2762114226082946,1.334734653622729,1.27062863150365,1.213893115525417,False,-31.923478409876395
REGIME_TRANSITION,ATR_24,LOW->HIGH,continuation,12,1,-22.24732262461075,-22.24732262461075,,,False,
REGIME_TRANSITION,ATR_24,LOW->HIGH,reversal,12,1,22.24732262461075,22.24732262461075,,,False,
REGIME_TRANSITION,ATR_24,LOW->HIGH,magnitude,12,1,22.24732262461075,22.24732262461075,,,False,
REGIME_TRANSITION,ATR_24,LOW->NORMAL,continuation,12,1882,-0.0887069078000809,0.16916170451729426,-0.14677040968559737,-0.3221566329150603,False,
REGIME_TRANSITION,ATR_24,LOW->NORMAL,reversal,12,1882,0.0887069078000809,-0.16916170451729426,0.14677040968559737,0.3221566329150603,False,
REGIME_TRANSITION,ATR_24,LOW->NORMAL,magnitude,12,1882,2.885438008561547,2.8704021298121405,2.942353185137164,2.8238610979709873,True,53.91696031472799
REGIME_TRANSITION,ATR_24,NORMAL->HIGH,continuation,12,1905,0.11394961110875808,0.2063400265254247,0.1292545452798136,-0.015613565693627745,False,
REGIME_TRANSITION,ATR_24,NORMAL->HIGH,reversal,12,1905,-0.11394961110875808,-0.2063400265254247,-0.1292545452798136,0.015613565693627745,False,
REGIME_TRANSITION,ATR_24,NORMAL->HIGH,magnitude,12,1905,2.5442477672884323,2.4282388966839115,2.393479901990414,2.879275264964223,True,35.716962716447796
REGIME_TRANSITION,ATR_24,NORMAL->LOW,continuation,12,1993,-0.005859209387394033,-0.0747406044991032,-0.03800391220390562,0.12098191886554953,False,
REGIME_TRANSITION,ATR_24,NORMAL->LOW,reversal,12,1993,0.005859209387394033,0.0747406044991032,0.03800391220390562,-0.12098191886554953,False,
REGIME_TRANSITION,ATR_24,NORMAL->LOW,magnitude,12,1993,1.5882342080539198,1.8194984772533866,1.4739036375858798,1.4747314257689146,False,-15.279350709948103
VOLATILITY_SHOCK,SHOCK_SCORE,SHOCK_ONSET,continuation,12,76438,0.014108916224095255,-0.005903820066503978,0.03815654066336824,0.008044374033836706,False,
VOLATILITY_SHOCK,SHOCK_SCORE,SHOCK_ONSET,reversal,12,76438,-0.014108916224095255,0.005903820066503978,-0.03815654066336824,-0.008044374033836706,False,
VOLATILITY_SHOCK,SHOCK_SCORE,SHOCK_ONSET,magnitude,12,76438,2.030105412905865,2.023202961971934,2.0283075633242453,2.0408687028946013,True,8.29123805321963
COMPRESSION,ATR_24,ENTER_LOW,continuation,24,2921,-0.03885978675545096,0.027734852875653245,-0.1480715223181184,0.0355938945219827,False,
COMPRESSION,ATR_24,ENTER_LOW,reversal,24,2921,0.03885978675545096,-0.027734852875653245,0.1480715223181184,-0.0355938945219827,False,
COMPRESSION,ATR_24,ENTER_LOW,magnitude,24,2921,2.7243014391382543,2.936464053668159,2.5911562471295464,2.6529603027565165,False,-2.3726600166077416
COMPRESSION,ATR_RATIO,ENTER_LOW,continuation,24,10109,-0.016209873397655235,-0.04829919437029766,0.046014337177759726,-0.046899892567434175,False,
COMPRESSION,ATR_RATIO,ENTER_LOW,reversal,24,10109,0.016209873397655235,0.04829919437029766,-0.046014337177759726,0.046899892567434175,False,
COMPRESSION,ATR_RATIO,ENTER_LOW,magnitude,24,10109,2.0487624627168253,2.2359634091167373,1.8585059206544972,2.0322467722953292,False,-26.581094654438854
COMPRESSION,RANGE_RATIO,ENTER_LOW,continuation,24,14164,-0.025642278702014052,-0.007808354845415977,0.014439060094437097,-0.09196678857392611,False,
COMPRESSION,RANGE_RATIO,ENTER_LOW,reversal,24,14164,0.025642278702014052,0.007808354845415977,-0.014439060094437097,0.09196678857392611,False,
COMPRESSION,RANGE_RATIO,ENTER_LOW,magnitude,24,14164,2.1642884243619265,2.3849782494605773,2.0221313089168866,2.047075636061557,False,-22.441137095996933
COMPRESSION,RV_RATIO,ENTER_LOW,continuation,24,24077,-0.0041131291876534476,0.025366192578535503,-0.03857596352969265,0.00044597035837859667,False,
COMPRESSION,RV_RATIO,ENTER_LOW,reversal,24,24077,0.0041131291876534476,-0.025366192578535503,0.03857596352969265,-0.00044597035837859667,False,
COMPRESSION,RV_RATIO,ENTER_LOW,magnitude,24,24077,2.441512296324549,2.550841698723237,2.3604370740336287,2.404791109971663,False,-12.50661633746869
COMPRESSION_EXPANSION,ATR_24,LOW->HIGH,continuation,24,1,-27.328243111246472,-27.328243111246472,,,False,
COMPRESSION_EXPANSION,ATR_24,LOW->HIGH,reversal,24,1,27.328243111246472,27.328243111246472,,,False,
COMPRESSION_EXPANSION,ATR_24,LOW->HIGH,magnitude,24,1,27.328243111246472,27.328243111246472,,,False,
COMPRESSION_EXPANSION,ATR_24,LOW->NORMAL,continuation,24,1882,0.0076085266900530095,0.48274212615998435,-0.16390396364301052,-0.33189454963197657,False,
COMPRESSION_EXPANSION,ATR_24,LOW->NORMAL,reversal,24,1882,-0.0076085266900530095,-0.48274212615998435,0.16390396364301052,0.33189454963197657,False,
COMPRESSION_EXPANSION,ATR_24,LOW->NORMAL,magnitude,24,1882,4.164715454776269,4.065247299074638,4.30747858246397,4.085695205509411,True,49.24563258540975
COMPRESSION_EXPANSION,ATR_RATIO,LOW->HIGH,continuation,24,20,-0.6575487915878444,-1.088708892675431,-1.4018866493293505,0.8864737169980504,False,
COMPRESSION_EXPANSION,ATR_RATIO,LOW->HIGH,reversal,24,20,0.6575487915878444,1.088708892675431,1.4018866493293505,-0.8864737169980504,False,
COMPRESSION_EXPANSION,ATR_RATIO,LOW->HIGH,magnitude,24,20,3.424721321108219,5.047907604711077,1.4152373843381434,1.46129864659799,False,
COMPRESSION_EXPANSION,ATR_RATIO,LOW->NORMAL,continuation,24,4478,0.01484878723478898,0.03671835900400949,-0.07053289756951418,0.08916158098793486,False,
COMPRESSION_EXPANSION,ATR_RATIO,LOW->NORMAL,reversal,24,4478,-0.01484878723478898,-0.03671835900400949,0.07053289756951418,-0.08916158098793486,False,
COMPRESSION_EXPANSION,ATR_RATIO,LOW->NORMAL,magnitude,24,4478,2.7825522235388473,2.9428738349050754,2.6884450349250755,2.7007932168453097,False,-0.28520043842874543
COMPRESSION_EXPANSION,RANGE_RATIO,LOW->HIGH,continuation,24,9,-2.9184632776881325,-2.7604035064506154,,-3.471672477019443,False,
COMPRESSION_EXPANSION,RANGE_RATIO,LOW->HIGH,reversal,24,9,2.9184632776881325,2.7604035064506154,,3.471672477019443,False,
COMPRESSION_EXPANSION,RANGE_RATIO,LOW->HIGH,magnitude,24,9,7.501717311948315,8.653158693356565,,3.471672477019443,False,
COMPRESSION_EXPANSION,RANGE_RATIO,LOW->NORMAL,continuation,24,5869,0.08199790818541043,0.06831492334968241,-0.022089681370122145,0.20877130819674097,False,
COMPRESSION_EXPANSION,RANGE_RATIO,LOW->NORMAL,reversal,24,5869,-0.08199790818541043,-0.06831492334968241,0.022089681370122145,-0.20877130819674097,False,
COMPRESSION_EXPANSION,RANGE_RATIO,LOW->NORMAL,magnitude,24,5869,2.2803777234693103,2.486753041883423,2.174366355728541,2.155465589394483,False,-18.280991926461187
COMPRESSION_EXPANSION,RV_RATIO,LOW->HIGH,continuation,24,110,-0.26460163664836395,-0.14056816187642704,-0.7956138171534665,0.22470794227313842,False,
COMPRESSION_EXPANSION,RV_RATIO,LOW->HIGH,reversal,24,110,0.26460163664836395,0.14056816187642704,0.7956138171534665,-0.22470794227313842,False,
COMPRESSION_EXPANSION,RV_RATIO,LOW->HIGH,magnitude,24,110,2.814064537030558,4.096509150460614,2.005046284668635,1.9004822041501659,False,
COMPRESSION_EXPANSION,RV_RATIO,LOW->NORMAL,continuation,24,5762,0.008852809328670459,-0.050601221567876546,0.06195116434343006,0.013515810421586187,False,
COMPRESSION_EXPANSION,RV_RATIO,LOW->NORMAL,reversal,24,5762,-0.008852809328670459,0.050601221567876546,-0.06195116434343006,-0.013515810421586187,False,
COMPRESSION_EXPANSION,RV_RATIO,LOW->NORMAL,magnitude,24,5762,2.161288114017975,2.3819483481850052,2.002666693220487,2.100760075373596,False,-22.54865541750004
REGIME_TRANSITION,ATR_24,HIGH->NORMAL,continuation,24,1867,-0.11108650954263947,-0.1872769472860222,-0.07853101155904939,-0.0640716589273545,False,
REGIME_TRANSITION,ATR_24,HIGH->NORMAL,reversal,24,1867,0.11108650954263947,0.1872769472860222,0.07853101155904939,0.0640716589273545,True,
REGIME_TRANSITION,ATR_24,HIGH->NORMAL,magnitude,24,1867,1.8090234712281215,1.9684896382045671,1.7430842476829753,1.7076545317829877,False,-35.17231723102228
REGIME_TRANSITION,ATR_24,LOW->HIGH,continuation,24,1,-27.328243111246472,-27.328243111246472,,,False,
REGIME_TRANSITION,ATR_24,LOW->HIGH,reversal,24,1,27.328243111246472,27.328243111246472,,,False,
REGIME_TRANSITION,ATR_24,LOW->HIGH,magnitude,24,1,27.328243111246472,27.328243111246472,,,False,
REGIME_TRANSITION,ATR_24,LOW->NORMAL,continuation,24,1882,0.0076085266900530095,0.48274212615998435,-0.16390396364301052,-0.33189454963197657,False,
REGIME_TRANSITION,ATR_24,LOW->NORMAL,reversal,24,1882,-0.0076085266900530095,-0.48274212615998435,0.16390396364301052,0.33189454963197657,False,
REGIME_TRANSITION,ATR_24,LOW->NORMAL,magnitude,24,1882,4.164715454776269,4.065247299074638,4.30747858246397,4.085695205509411,True,49.24563258540975
REGIME_TRANSITION,ATR_24,NORMAL->HIGH,continuation,24,1905,0.16470182486629945,0.3023684766373917,0.10107361898291893,0.08488142478668115,False,
REGIME_TRANSITION,ATR_24,NORMAL->HIGH,reversal,24,1905,-0.16470182486629945,-0.3023684766373917,-0.10107361898291893,-0.08488142478668115,False,
REGIME_TRANSITION,ATR_24,NORMAL->HIGH,magnitude,24,1905,3.4089499311241935,3.4652267933339647,3.192110004855665,3.626323975836518,True,22.16222079209269
REGIME_TRANSITION,ATR_24,NORMAL->LOW,continuation,24,1993,0.05610237211334756,0.2085054776653306,-0.07537970019989383,0.06020106211537183,False,
REGIME_TRANSITION,ATR_24,NORMAL->LOW,reversal,24,1993,-0.05610237211334756,-0.2085054776653306,0.07537970019989383,-0.06020106211537183,False,
REGIME_TRANSITION,ATR_24,NORMAL->LOW,magnitude,24,1993,2.4519799953726165,2.7242748901220906,2.2900217795678635,2.3567680450709125,False,-12.131498665419604
VOLATILITY_SHOCK,SHOCK_SCORE,SHOCK_ONSET,continuation,24,76438,0.03765157093651843,-0.014846016195183607,0.07309409886439615,0.05694968008974361,False,
VOLATILITY_SHOCK,SHOCK_SCORE,SHOCK_ONSET,reversal,24,76438,-0.03765157093651843,0.014846016195183607,-0.07309409886439615,-0.05694968008974361,False,
VOLATILITY_SHOCK,SHOCK_SCORE,SHOCK_ONSET,magnitude,24,76438,3.0033303188252,3.0011020959207437,2.9795875505156424,3.036308791949139,True,7.626544517454126
