analysis_level,dimension,category,family_id,family_definition,direction_slice,sample_label,N,pct_all_trades,gross_wins,gross_losses,gross_flats,gross_win_rate_pct,gross_AvgR,gross_median_R,gross_TotalR,gross_PF,gross_MaxDD_R,net_wins,net_losses,net_flats,net_win_rate_pct,net_AvgR,net_median_R,net_TotalR,net_PF,net_MaxDD_R,avg_MFE_R,avg_MAE_R
Single factor,Direction,Long,,,All,ADEQUATE N,362,51.347517730496456,155,206,1,42.81767955801105,-0.046083697371847025,-0.5107645514584898,-16.682298448608623,0.9081052039754833,27.122678931948105,153,209,0,42.26519337016575,-0.07918715063492883,-0.5384508455502213,-28.665748529844237,0.8481279008208226,36.58567197245706,0.9470253953625475,0.9086052151015405
Single factor,Direction,Short,,,All,ADEQUATE N,343,48.652482269503544,134,209,0,39.067055393586,-0.026059163007525962,-1.0,-8.938292911581405,0.9520989289043768,24.790051472734717,131,212,0,38.19241982507289,-0.0594265817034214,-1.0065409858650949,-20.38331752427354,0.8948250144577898,30.824540366654986,1.0953801990489356,0.8914863887201852
Single factor,Entry session,After-hours,,,All,SMALL SAMPLE,5,0.7092198581560284,4,1,0,80.0,0.6270825677040843,0.8750940776693686,3.1354128385204216,4.135412838520422,1.0,4,1,0,80.0,0.601319145620713,0.819925103207598,3.006595728103565,3.970340889730544,1.0122056153549126,1.1753493869788532,0.6434338039370663
Single factor,Entry session,Afternoon,,,All,ADEQUATE N,83,11.77304964539007,30,52,1,36.144578313253014,-0.10579844500557536,-0.3635477599214254,-8.781270935462755,0.782902303256784,11.37826485279924,29,54,0,34.93975903614458,-0.12891215795595704,-0.37799006819227626,-10.699709110344434,0.743693989331061,13.046092518336868,0.9286885592674413,0.9236175105342669
Single factor direction slice,Entry session,Afternoon,,,Long,ADEQUATE N,39,5.531914893617022,11,27,1,28.205128205128204,-0.28615898292706443,-0.5182663005245425,-11.160200334155512,0.4812826948477947,14.64495648421532,11,28,0,28.205128205128204,-0.30932602096216383,-0.5388594396348314,-12.063714817524389,0.45591186337127865,15.40634485378529,0.7620681833736965,0.9863655163901303
Single factor direction slice,Entry session,Afternoon,,,Short,ADEQUATE N,44,6.24113475177305,19,25,0,43.18181818181818,0.05406657724301725,-0.12305702358130749,2.378929398692759,1.1256467021771204,3.6872782948725775,18,26,0,40.909090909090914,0.031000129708635325,-0.1546976314350328,1.3640057071799543,1.069686405203466,3.8200323689725915,1.0763748015368966,0.8679999598892966
Single factor,Entry session,Midday,,,All,ADEQUATE N,95,13.47517730496454,43,52,0,45.26315789473684,0.02633207927601119,-0.14470675008118897,2.501547531221063,1.0577427743175305,8.576068349279451,43,52,0,45.26315789473684,0.005446184997352236,-0.15731662267676977,0.5173875747484624,1.011661326223213,9.18274971104093,0.9475130287034952,0.774047131917109
Single factor direction slice,Entry session,Midday,,,Long,ADEQUATE N,52,7.375886524822695,26,26,0,50.0,-0.03400060226719824,-0.007335103373494949,-1.7680313178943086,0.9137196660188915,7.164960494501058,26,26,0,50.0,-0.058003680138814614,-0.03347425183268573,-3.01619136721836,0.8572265537363705,7.759027671871303,0.8061692592106595,0.7289960747566491
Single factor direction slice,Entry session,Midday,,,Short,ADEQUATE N,43,6.099290780141844,17,26,0,39.53488372093023,0.09929253137477612,-1.0,4.269578849115373,1.1870116189142366,6.371801197441501,17,26,0,39.53488372093023,0.08217625446434476,-1.0065409858650949,3.533578941966825,1.152033553578177,6.513390399330469,1.1184403778576224,0.8285274801111541
Single factor,Entry session,Morning,,,All,ADEQUATE N,68,9.645390070921986,31,37,0,45.588235294117645,-0.06285379311081662,-0.35259522932255644,-4.2740579315355305,0.866609661948794,13.205815965657912,30,38,0,44.11764705882353,-0.0794098929983298,-0.37039414478552024,-5.399872723886427,0.8348561139483847,14.049631497404544,0.8686164754921204,0.8095641734795631
Single factor direction slice,Entry session,Morning,,,Long,ADEQUATE N,37,5.24822695035461,18,19,0,48.64864864864865,0.022753677844446138,-0.09331417870350874,0.8418860802445071,1.052502954058796,7.770005679135238,18,19,0,48.64864864864865,0.0043716194737265165,-0.11264354429209354,0.16174992052788112,1.0098619431820035,8.173928504830085,0.8787248435798731,0.7693734961995197
Single factor direction slice,Entry session,Morning,,,Short,ADEQUATE N,31,4.397163120567376,13,18,0,41.935483870967744,-0.16503045199290445,-0.5552848127424578,-5.115944011780038,0.6803875852230886,7.189394820775031,12,19,0,38.70967741935484,-0.1794071820778808,-0.5643826995049048,-5.561622644414305,0.6587241875031415,7.382597258797625,0.8565516490648024,0.8575336915234858
Single factor,Entry session,Opening,,,All,ADEQUATE N,51,7.23404255319149,24,27,0,47.05882352941176,0.006414326400316409,-0.21392729062644536,0.32713064641613687,1.0142783398393038,7.351777225841593,24,27,0,47.05882352941176,-0.009410458415083856,-0.2208205033244087,-0.4799333791692767,0.9794701880726574,7.591461211074889,0.9426641395549653,0.7854154557026715
Single factor direction slice,Entry session,Opening,,,Long,ADEQUATE N,31,4.397163120567376,16,15,0,51.61290322580645,-0.024963751940780803,0.014240118705243063,-0.7738763101642049,0.9398222137715914,4.026562439643818,16,15,0,51.61290322580645,-0.041672107987705195,0.007357394664375542,-1.291835347618861,0.9016371929574648,4.348465157691529,0.8399890182590811,0.7853697017926295
Single factor,Entry session,Overnight,,,All,ADEQUATE N,235,33.333333333333336,90,145,0,38.297872340425535,-0.08612256416563976,-1.0,-20.238802578925345,0.8440455926213251,38.24625251048487,88,147,0,37.4468085106383,-0.1375499678680415,-1.0102670671719363,-32.32424244898975,0.764681943236767,45.6215989199638,1.0316152950105548,0.8900492703677657
Single factor direction slice,Entry session,Overnight,,,Long,ADEQUATE N,118,16.73758865248227,48,70,0,40.67796610169492,-0.08974572398711599,-0.7908877869255703,-10.589995430479686,0.8319200096536141,16.665090261978367,46,72,0,38.983050847457626,-0.13946096387137732,-0.8268109934218477,-16.456393736822523,0.7534599631758274,20.18466841914877,0.9869876094337232,0.922779886534023
Single factor direction slice,Entry session,Overnight,,,Short,ADEQUATE N,117,16.595744680851062,42,75,0,35.8974358974359,-0.08246843716620228,-1.0,-9.648807148445666,0.8554878844124508,25.09497038111075,42,75,0,35.8974358974359,-0.13562263856553183,-1.0157546924141119,-15.867848712167223,0.7752896552549039,28.826603122693903,1.0766244137974452,0.8570389053453866
Single factor,Entry session,Premarket,,,All,ADEQUATE N,168,23.829787234042552,67,101,0,39.88095238095239,0.010175292080809377,-1.0,1.7094490695759754,1.017330417284674,17.472447799228917,66,102,0,39.285714285714285,-0.02184102199154715,-1.013960706431147,-3.669291694579921,0.964022262479381,19.45925777271922,1.1666403603324726,1.0536600517723498
Single factor direction slice,Entry session,Premarket,,,Long,ADEQUATE N,83,11.77304964539007,35,48,0,42.168674698795186,0.08304608176109891,-1.0,6.89282478617121,1.1478205604658718,12.508801641781801,35,48,0,42.168674698795186,0.05051707627661849,-1.0112367726820213,4.192917330959335,1.087071593844377,12.879581239380432,1.1386622983904682,1.079369960826144
Single factor direction slice,Entry session,Premarket,,,Short,ADEQUATE N,85,12.056737588652481,32,53,0,37.64705882352941,-0.060980890783473324,-1.0,-5.183375716595233,0.9003369095904054,11.980853654352794,31,54,0,36.470588235294116,-0.09249657677105008,-1.020152329435606,-7.862209025539257,0.8539519076620858,12.966328885753816,1.1939601149346646,1.0285550817551155
Single factor,Entry HTF regime,Bear,,,All,ADEQUATE N,248,35.177304964539005,107,141,0,43.145161290322584,0.0037333783421087036,-0.6242027489678087,0.9258778288429586,1.0072312820863014,15.552763585057368,104,144,0,41.935483870967744,-0.022071359416741352,-0.6464365227121289,-5.4736971353518555,0.95840166407851,17.633781300732068,1.0517833277055815,0.9129961922365016
Single factor direction slice,Entry HTF regime,Bear,,,Long,ADEQUATE N,111,15.74468085106383,55,56,0,49.549549549549546,0.06743680227274612,-0.11704845027298728,7.48548505227482,1.147884018273962,8.686316440498555,55,56,0,49.549549549549546,0.04071162730087449,-0.12151477271761447,4.518990630397068,1.086745508862613,9.51803379510974,1.0547188174076048,0.93491392512348
Single factor direction slice,Entry HTF regime,Bear,,,Short,ADEQUATE N,137,19.43262411347518,52,85,0,37.95620437956204,-0.047880344696582935,-1.0,-6.559607223431862,0.9152730852208448,12.154331672688635,49,88,0,35.76642335766424,-0.07293932675729141,-1.0069138862190574,-9.992687765748922,0.8742895488768755,14.628422213518556,1.0494049382389787,0.8952380290944971
Single factor,Entry HTF regime,Bull,,,All,ADEQUATE N,433,61.41843971631206,176,256,1,40.64665127020785,-0.03369817279959359,-0.5616002689567001,-14.591308822224025,0.9347044014630637,41.60083925131701,174,259,0,40.184757505773675,-0.07152807235143069,-0.5987895166897238,-30.971655328169486,0.8675025933613881,53.8945646327613,1.0116319779590803,0.8868932067353007
Single factor direction slice,Entry HTF regime,Bull,,,Long,ADEQUATE N,238,33.758865248226954,96,141,1,40.33613445378151,-0.0805604046857558,-0.5606235305271678,-19.173376315209882,0.8433565444485663,30.32736962948678,94,144,0,39.49579831932773,-0.11734868043084865,-0.597520858567621,-27.928985942541978,0.7816631523635719,37.30417585790132,0.9152008642863179,0.8908015033398239
Single factor direction slice,Entry HTF regime,Bull,,,Short,ADEQUATE N,195,27.659574468085108,80,115,0,41.02564102564102,0.023497782015312062,-0.6070784591013549,4.5820674929858525,1.0453382578977675,22.59525984002908,80,115,0,41.02564102564102,-0.015603432746807769,-0.661561303094527,-3.042669385627515,0.9712510806055406,25.14006045720985,1.1293273884930155,0.8821230806231134
Single factor,Entry HTF regime,Neutral,,,All,SMALL SAMPLE,24,3.404255319148936,6,18,0,25.0,-0.49813168195037316,-1.0,-11.955160366808956,0.2812238913446675,12.586029039739438,6,18,0,25.0,-0.525154732941518,-1.0181397027217267,-12.603713590596433,0.26789376060776443,13.217130607691129,0.8191537361567147,1.0102960419476459
Single factor,Setup HTF regime,Bear,,,All,ADEQUATE N,261,37.02127659574468,111,150,0,42.5287356321839,-0.015588235083642172,-0.6412533393558586,-4.068529356830607,0.9702061731554766,16.134329012943176,108,153,0,41.37931034482759,-0.04110900518410415,-0.6663835377900741,-10.729450353051185,0.9235369489447598,18.281100864797434,1.0297849193863549,0.9178235251257686
Single factor direction slice,Setup HTF regime,Bear,,,Long,ADEQUATE N,124,17.588652482269502,59,65,0,47.58064516129033,0.020089337633881113,-0.25416071756715164,2.491077866601258,1.042124889495915,9.786148168908904,59,65,0,47.58064516129033,-0.005941633768566564,-0.2690983401282113,-0.7367625873022539,0.9878886312067535,10.703395610640719,1.0081079630733754,0.9427768554183831
Single factor direction slice,Setup HTF regime,Bear,,,Short,ADEQUATE N,137,19.43262411347518,52,85,0,37.95620437956204,-0.047880344696582935,-1.0,-6.559607223431862,0.9152730852208448,12.154331672688635,49,88,0,35.76642335766424,-0.07293932675729141,-1.0069138862190574,-9.992687765748922,0.8742895488768755,14.628422213518556,1.0494049382389787,0.8952380290944971
Single factor,Setup HTF regime,Bull,,,All,ADEQUATE N,444,62.97872340425532,178,265,1,40.090090090090094,-0.04854068018774646,-0.6040081755970201,-21.552062003359428,0.9069346297372295,47.52770989076808,176,268,0,39.63963963963964,-0.08630544076816801,-0.6434671699176302,-38.319615701066596,0.8418055502457951,60.43922302280512,1.0129836428720462,0.8899616647296296
Single factor direction slice,Setup HTF regime,Bull,,,Long,ADEQUATE N,238,33.758865248226954,96,141,1,40.33613445378151,-0.0805604046857558,-0.5606235305271678,-19.173376315209882,0.8433565444485663,30.32736962948678,94,144,0,39.49579831932773,-0.11734868043084865,-0.597520858567621,-27.928985942541978,0.7816631523635719,37.30417585790132,0.9152008642863179,0.8908015033398239
Single factor direction slice,Setup HTF regime,Bull,,,Short,ADEQUATE N,206,29.21985815602837,82,124,0,39.80582524271845,-0.011547017903638556,-0.7031852276111155,-2.3786856881495426,0.9782128616157761,25.081457151358165,82,124,0,39.80582524271845,-0.0504399502841001,-0.744047831824342,-10.390629758524621,0.9091045976925901,27.832881451800297,1.125955979296334,0.8889913657528029
Single factor,Setup trigger type,Matching BOS + liquidity sweep,,,All,SMALL SAMPLE,7,0.9929078014184397,3,4,0,42.857142857142854,0.2857142857142857,-1.0,2.0,1.5,3.0,3,4,0,42.857142857142854,0.26141077753547537,-1.0107872285306043,1.8298754427483275,1.4477969163301811,3.0684494351364204,1.3616445531650962,0.7809263351526582
Single factor,Setup trigger type,Matching BOS only,,,All,ADEQUATE N,657,93.19148936170212,270,386,1,41.0958904109589,-0.034070563295635556,-0.5616002689567001,-22.384360085232558,0.9339959075184012,37.62785408230198,266,391,0,40.48706240487062,-0.06709430400284228,-0.5987895166897238,-44.08095772986738,0.8749136799317708,53.134665827675306,1.020624507677611,0.8981347802637952
Single factor direction slice,Setup trigger type,Matching BOS only,,,Long,ADEQUATE N,337,47.801418439716315,142,194,1,42.13649851632047,-0.07070962592285307,-0.5182663005245425,-23.829143936001483,0.859445697089208,32.26066806074691,141,196,0,41.839762611275965,-0.10351934809900452,-0.5388594396348314,-34.886020309364525,0.8020980855906713,40.9671825162118,0.9319750359573667,0.9168310282387635
Single factor direction slice,Setup trigger type,Matching BOS only,,,Short,ADEQUATE N,320,45.39007092198582,128,192,0,40.0,0.00451494953365289,-0.688211496146256,1.4447838507689248,1.0085188219417167,16.686861464228528,125,195,0,39.0625,-0.028734179439071434,-0.7134714768980934,-9.194937420502859,0.9477931036835879,23.338431151991667,1.1139834825829935,0.8784452941151567
Single factor,Setup trigger type,Matching liquidity sweep only,,,All,ADEQUATE N,41,5.815602836879433,16,25,0,39.02439024390244,-0.127712957925792,-1.0,-5.236231274957472,0.790550749001701,9.952463154821343,15,26,0,36.58536585365854,-0.16580448212192,-1.0166717964652916,-6.79798376699872,0.7391653612984207,10.471293309185628,0.9379704385044132,0.9549727858146095
Single factor,Liquidity context,No recent matching sweep,,,All,ADEQUATE N,172,24.397163120567377,82,89,1,47.674418604651166,0.06468660748612019,-0.10010041859983315,11.126096487612674,1.1544081179062502,12.072053728573895,80,92,0,46.51162790697674,0.04427440140403159,-0.1269857297073955,7.615197041493434,1.1029914013474575,13.281458565636369,0.985916491817584,0.7706568152476211
Single factor direction slice,Liquidity context,No recent matching sweep,,,Long,ADEQUATE N,82,11.631205673758865,39,42,1,47.5609756097561,-0.028587225042612994,-0.07269055010069861,-2.3441524534942655,0.9298029289835203,9.534416221178242,39,43,0,47.5609756097561,-0.05215770349789231,-0.09493807225698042,-4.27693168682717,0.8757023416506649,10.053553781339591,0.8450036280415318,0.7691284027225637
Single factor direction slice,Liquidity context,No recent matching sweep,,,Short,ADEQUATE N,90,12.76595744680851,43,47,0,47.77777777777778,0.14966943267896599,-0.11913733055690136,13.47024894110694,1.3484056589057871,5.38196179714557,41,49,0,45.55555555555556,0.13213476364800675,-0.14231147773878344,11.892128728320607,1.3008278889028175,5.82795335927297,1.114303767702432,0.7720493688815621
Single factor,Liquidity context,Recent BSL,,,All,ADEQUATE N,253,35.88652482269504,91,162,0,35.96837944664031,-0.08857131167070492,-1.0,-22.408541852688344,0.8485259185608715,30.52861534313012,90,163,0,35.573122529644266,-0.12757093380471995,-1.0108692498756457,-32.27544625259415,0.7907893967942468,37.774025244068355,1.088648494784846,0.9339738661331339
Single factor,Liquidity context,Recent SSL,,,All,ADEQUATE N,280,39.716312056737586,116,164,0,41.42857142857143,-0.05120766426826557,-0.7472964390233734,-14.33814599511436,0.9032141799272465,23.89474774070696,114,166,0,40.714285714285715,-0.0871029172964895,-0.7945880228465143,-24.38881684301706,0.8419804337070339,31.779705289067188,0.9769031986494164,0.9494519958696691
Single factor,CRT bar sweep,Both CRT sweeps,,,All,SMALL SAMPLE,7,0.9929078014184397,5,2,0,71.42857142857143,0.22391363680581794,0.39130995125180346,1.5673954576407256,2.9505499938875643,0.4400181381855038,5,2,0,71.42857142857143,0.2033742072235213,0.3714011993460099,1.4236194505646491,2.6765595791103363,0.47114137234984316,0.7314093635473613,0.5782305901067277
Single factor,CRT bar sweep,None,,,All,ADEQUATE N,605,85.81560283687944,250,354,1,41.32231404958678,-0.021386506736354113,-0.5625371242387778,-12.938836575494237,0.9584414925350345,32.14054519598639,245,360,0,40.49586776859504,-0.055091988091164334,-0.6154833813823662,-33.33065279515442,0.8970836723595474,45.78681395577654,1.0351107102216368,0.9009208966685287
Single factor direction slice,CRT bar sweep,None,,,Long,ADEQUATE N,309,43.829787234042556,131,177,1,42.394822006472495,-0.05659725733898267,-0.4724893195420648,-17.488552517745646,0.8868155765535447,28.21283399050301,129,180,0,41.74757281553398,-0.08985177904668357,-0.49989370007550304,-27.76419972542522,0.8273260973400313,36.375463857757794,0.9389639557517366,0.9153261055367641
Single factor direction slice,CRT bar sweep,None,,,Short,ADEQUATE N,296,41.98581560283688,119,177,0,40.2027027027027,0.015370661967065586,-0.688211496146256,4.549715942251414,1.029011145010951,16.106466052162187,116,180,0,39.189189189189186,-0.018805584695031095,-0.7134714768980934,-5.566453069729205,0.9658650331336511,22.569376772302412,1.1354801262054175,0.8858830265999992
Single factor,CRT bar sweep,Sweep above CRT reference,,,All,ADEQUATE N,43,6.099290780141844,13,30,0,30.23255813953488,-0.3100788989615404,-1.0,-13.333392655346238,0.5306628365160331,14.644079780533296,13,30,0,30.23255813953488,-0.34135153068847685,-1.0157546924141119,-14.678115819604505,0.49936676434544575,15.6389233941877,0.8548123847652787,0.9562080524801414
Single factor direction slice,CRT bar sweep,Sweep above CRT reference,,,Short,ADEQUATE N,36,5.1063829787234045,10,26,0,27.77777777777778,-0.37004528534073483,-1.0,-13.321630272266454,0.4542325287683995,13.598653851561451,10,26,0,27.77777777777778,-0.39860232720434985,-1.0155939964431835,-14.349683779356594,0.42969980655791984,14.495966714740945,0.8118665035201725,0.9512731200293102
Single factor,CRT bar sweep,Sweep below CRT reference,,,All,ADEQUATE N,50,7.092198581560283,21,29,0,42.0,-0.018315151739805732,-1.0,-0.9157575869902865,0.9668000836799874,6.0,21,29,0,42.0,-0.049278337798470025,-1.009718912893834,-2.4639168899235013,0.9136172040782682,6.554574599999649,1.0083964724239687,0.8894643265185614
Single factor direction slice,CRT bar sweep,Sweep below CRT reference,,,Long,ADEQUATE N,42,5.957446808510638,18,24,0,42.857142857142854,-0.00717268300087429,-0.7808001344783501,-0.3012526860367202,0.986660277188514,5.231650555432726,18,24,0,42.857142857142854,-0.03843378097487641,-0.8023267935450579,-1.6142188009448093,0.9308119205613471,5.769253352223285,1.0119712428256111,0.876144045584387
Single factor,Setup/BOS timing,Delayed BOS,,,All,ADEQUATE N,41,5.815602836879433,16,25,0,39.02439024390244,-0.127712957925792,-1.0,-5.236231274957472,0.790550749001701,9.952463154821343,15,26,0,36.58536585365854,-0.16580448212192,-1.0166717964652916,-6.79798376699872,0.7391653612984207,10.471293309185628,0.9379704385044132,0.9549727858146095
Single factor,Setup/BOS timing,Same-bar Setup+BOS,,,All,ADEQUATE N,664,94.18439716312056,273,390,1,41.1144578313253,-0.030699337477759887,-0.562068696597739,-20.384360085232565,0.940593923325686,34.62785408230198,269,395,0,40.51204819277108,-0.06363114802276967,-0.607136449036045,-42.25108228711906,0.8814805487154832,50.28684400978257,1.0242195985185938,0.8968991490653344
Single factor direction slice,Setup/BOS timing,Same-bar Setup+BOS,,,Long,ADEQUATE N,342,48.51063829787234,145,196,1,42.39766081871345,-0.057979953029244094,-0.5107645514584898,-19.82914393600148,0.8844030564006814,27.26066806074691,144,198,0,42.10526315789473,-0.09070658448084838,-0.5384508455502213,-31.021651892450148,0.8260447798024367,36.08486772415301,0.9413841445076976,0.9129192617246026
Single factor direction slice,Setup/BOS timing,Same-bar Setup+BOS,,,Short,ADEQUATE N,322,45.673758865248224,128,194,0,39.75155279503105,-0.0017242737553760292,-0.7031852276111155,-0.5552161492310814,0.9967644561721335,18.68686146422853,125,197,0,38.81987577639752,-0.03487400743685998,-0.744047831824342,-11.229430394668913,0.9369697743571077,25.372924126157717,1.112200111784825,0.8798839983526958
Single factor,BOS→Retest timing,Delayed retest (2+ bars),,,All,ADEQUATE N,162,22.97872340425532,58,104,0,35.80246913580247,-0.18138279885177958,-1.0,-29.384013413988292,0.6844855287301425,30.85983906240842,58,104,0,35.80246913580247,-0.21378020682215523,-1.0087249830072387,-34.63239350518915,0.6416828697352089,35.4370420892231,0.9164325789682024,1.0554766917836251
Single factor direction slice,BOS→Retest timing,Delayed retest (2+ bars),,,Long,ADEQUATE N,79,11.205673758865249,34,45,0,43.037974683544306,-0.0630908197811158,-0.8259215525946003,-4.9841747627081485,0.8807476292358993,9.400635093333568,34,45,0,43.037974683544306,-0.09514097967302944,-0.847117769431099,-7.516137394169325,0.8264982608641175,10.83901148777372,0.948417360228654,1.1182722133972993
Single factor direction slice,BOS→Retest timing,Delayed retest (2+ bars),,,Short,ADEQUATE N,83,11.77304964539007,24,59,0,28.915662650602407,-0.2939739596539776,-1.0,-24.39983865128014,0.5246966199140773,25.313994279313206,24,59,0,28.915662650602407,-0.3267018808556605,-1.0099182252411822,-27.11625611101982,0.4915638557918018,27.802536454789422,0.8859892329492184,0.9957074603682002
Single factor,BOS→Retest timing,Immediate retest (1 bar),,,All,ADEQUATE N,543,77.02127659574468,231,311,1,42.5414364640884,0.006930795679186483,-0.549130154393184,3.7634220537982603,1.0136848991764174,25.309313645233715,226,317,0,41.62062615101289,-0.026550041526572046,-0.5758595570265584,-14.416672548928622,0.9495744611233378,33.05040993303957,1.0498646843502366,0.8539736558542059
Single factor direction slice,BOS→Retest timing,Immediate retest (1 bar),,,Long,ADEQUATE N,283,40.141843971631204,121,161,1,42.75618374558304,-0.041336126098588256,-0.4724893195420648,-11.698123685900477,0.9162875471964191,20.930320127322815,119,164,0,42.04946996466431,-0.0747336082532682,-0.49989370007550304,-21.149611135674903,0.8545709145189126,27.747571655439675,0.9466368256649419,0.850076265047247
Single factor direction slice,BOS→Retest timing,Immediate retest (1 bar),,,Short,ADEQUATE N,260,36.87943262411348,110,150,0,42.30769230769231,0.05946748361422592,-0.6215126195560579,15.461545739698739,1.1143066674263062,20.08436162716442,107,153,0,41.15384615384615,0.025895917641331822,-0.6681761797785896,6.732938586746274,1.0479311009599481,23.066899050625366,1.1622242382269223,0.8582158158479342
Single factor,Retest→Confirm timing,Delayed confirmation (2+ bars),,,All,ADEQUATE N,177,25.106382978723403,79,98,0,44.632768361581924,-0.01774400436757146,-0.4341135583962626,-3.1406887730601487,0.9639668009870367,12.667071685564526,77,100,0,43.50282485875706,-0.04874294891656143,-0.45184495726033486,-8.627501958231374,0.9043526691168315,17.50110180524465,0.9728502419649319,0.8722548565849667
Single factor direction slice,Retest→Confirm timing,Delayed confirmation (2+ bars),,,Long,ADEQUATE N,97,13.75886524822695,47,50,0,48.45360824742268,-0.01863580865042329,-0.21661119776113372,-1.807673439091059,0.9604492531819331,7.9992810601811035,46,51,0,47.42268041237113,-0.048050457328631446,-0.24077167751141287,-4.660894360877251,0.9012859315867494,10.418816624092415,0.9195202965080076,0.8800943784371817
Single factor direction slice,Retest→Confirm timing,Delayed confirmation (2+ bars),,,Short,ADEQUATE N,80,11.347517730496454,32,48,0,40.0,-0.016662691674613584,-0.5932346508803146,-1.3330153339690867,0.9678449089490797,10.879796927155914,31,49,0,38.75,-0.04958259496692654,-0.6204070407674849,-3.9666075973541233,0.9077212672144284,12.442567570003154,1.0375128008314525,0.8627494363391559
Single factor,Retest→Confirm timing,Immediate confirmation (1 bar),,,All,ADEQUATE N,528,74.8936170212766,210,317,1,39.77272727272727,-0.04257557308168539,-0.6989380066935622,-22.47990258712989,0.9199932191361682,36.65184830527515,207,321,0,39.20454545454545,-0.07655599260584546,-0.7450225417079106,-40.4215640958864,0.8617366358770221,48.443801815377746,1.034742629862186,0.9096700939057614
Single factor direction slice,Retest→Confirm timing,Immediate confirmation (1 bar),,,Long,ADEQUATE N,265,37.5886524822695,108,156,1,40.75471698113208,-0.05613066041327383,-0.5616002689567001,-14.874625009517565,0.8904922870433509,21.233022515417545,107,158,0,40.37735849056604,-0.09058435535459239,-0.5987895166897238,-24.004854168966983,0.8303941387567991,28.356987940206814,0.9570932994715677,0.9190412572013245
Single factor direction slice,Retest→Confirm timing,Immediate confirmation (1 bar),,,Short,ADEQUATE N,263,37.304964539007095,102,161,0,38.78326996197718,-0.028917405238069665,-1.0,-7.605277577612322,0.9476015614348708,21.033264163980306,100,163,0,38.02281368821293,-0.062420950292469295,-1.0074709115344598,-16.416709926919424,0.8911494358652244,26.944880683439415,1.1129824494572957,0.9002276670109924
Single factor,Retest behavior,Exact BOS touch,,,All,SMALL SAMPLE,29,4.113475177304965,16,13,0,55.172413793103445,0.13840694706460835,0.2107414815081934,4.013801464873642,1.3526691753860534,5.173628020081528,15,14,0,51.724137931034484,0.0868587563419481,0.18942721692919445,2.518903933916495,1.208417245315348,5.790275614297137,1.0942167183785836,0.7807857163766746
Single factor,Retest behavior,Penetration + same-bar reclaim,,,All,ADEQUATE N,443,62.836879432624116,181,261,1,40.85778781038375,-0.016131965438310625,-0.6022547580746485,-7.146460689171607,0.968863161739486,34.460753433261324,180,263,0,40.63205417607224,-0.047709104180338295,-0.6279391521690084,-21.135133151889864,0.911169081355173,42.59396909862183,1.0241420654527233,0.90691993771968
Single factor direction slice,Retest behavior,Penetration + same-bar reclaim,,,Long,ADEQUATE N,234,33.191489361702125,98,135,1,41.88034188034188,-0.017877361905392554,-0.5336982274588633,-4.183302685861857,0.964009564681646,24.578461429055263,98,136,0,41.88034188034188,-0.04942444056094914,-0.5573594983306949,-11.565319091262099,0.9040775657971033,28.988777562735056,0.9750060239889494,0.9295588758756916
Single factor direction slice,Retest behavior,Penetration + same-bar reclaim,,,Short,ADEQUATE N,209,29.645390070921987,83,126,0,39.71291866028708,-0.014177789489520346,-0.8002180812673347,-2.9631580033097524,0.9738431328680766,14.870478483662723,82,127,0,39.23444976076555,-0.04578858402214244,-0.8050426809257033,-9.56981406062777,0.9184547845245117,18.816613450613474,1.079155623838001,0.8815729926072076
Single factor,Retest behavior,Penetration without same-bar reclaim,,,All,ADEQUATE N,61,8.652482269503546,21,40,0,34.42622950819672,-0.1740316902847206,-1.0,-10.615933107367956,0.7078571956530306,10.979264185746647,21,40,0,34.42622950819672,-0.21272621090327026,-1.0119856099413187,-12.976298865099485,0.6587864360890907,13.243842659178345,1.0543144084070724,0.9427197528346727
Single factor direction slice,Retest behavior,Penetration without same-bar reclaim,,,Short,ADEQUATE N,33,4.680851063829787,13,20,0,39.39393939393939,-0.05105497261902132,-1.0,-1.6848140964277034,0.9100033437897946,4.720852166912476,13,20,0,39.39393939393939,-0.09257006410860477,-1.0099182252411822,-3.0548121155839576,0.8439781433036763,5.1459339054497555,1.185429936598104,0.9052200797576773
Single factor,Retest behavior,Tolerance-only shallow touch,,,All,ADEQUATE N,172,24.397163120567377,71,101,0,41.27906976744186,-0.0690232501658378,-1.0,-11.871999028524101,0.8693930865964697,17.594401566683164,68,104,0,39.53488372093023,-0.10149149983165649,-1.0066466441451722,-17.456537971044916,0.8152981805814826,22.55248550933282,0.9813848991491885,0.8882598609890944
Single factor direction slice,Retest behavior,Tolerance-only shallow touch,,,Long,ADEQUATE N,84,11.914893617021276,39,45,0,46.42857142857143,-0.0832799100830494,-0.46705628325642157,-6.995512446976149,0.8350690678832203,13.540903528355582,38,46,0,45.23809523809524,-0.1176792825681806,-0.4889213236220139,-9.88505973572717,0.7764895980527876,15.487131790995786,0.8592335609284993,0.8616826509486689
Single factor direction slice,Retest behavior,Tolerance-only shallow touch,,,Short,ADEQUATE N,88,12.4822695035461,32,56,0,36.36363636363637,-0.0554146202448631,-1.0,-4.876486581547953,0.8994205035110193,15.615239292157895,30,58,0,34.090909090909086,-0.08603952540133804,-1.0078536273269558,-7.571478235317747,0.8494304915331945,16.77240665539872,1.0979839038143917,0.9136290160276824
Single factor,Volatility state,HIGH,,,All,ADEQUATE N,346,49.07801418439716,145,201,0,41.90751445086705,-0.011301030637958634,-0.7998182696432836,-3.9101566007336874,0.9787040293867405,22.196556071844224,142,204,0,41.040462427745666,-0.03749208026062382,-0.8260802251784012,-12.97225977017584,0.9314589740045794,24.190942196773285,1.0606756679514424,0.9105795428353333
Single factor direction slice,Volatility state,HIGH,,,Long,ADEQUATE N,166,23.54609929078014,74,92,0,44.57831325301205,0.0075241480093505755,-0.5560592550600882,1.2490085695521955,1.0148495864057274,11.841777003320454,73,93,0,43.97590361445783,-0.01744858722017259,-0.6058677909139423,-2.8964654785486497,0.9665108564000815,13.260476668417917,0.9994897639587995,0.9104538394220542
Single factor direction slice,Volatility state,HIGH,,,Short,ADEQUATE N,180,25.53191489361702,71,109,0,39.44444444444444,-0.02866202872381044,-1.0,-5.159165170285879,0.9481488319452651,14.010801834029504,69,111,0,38.333333333333336,-0.05597663495348445,-1.007106473413266,-10.0757942916272,0.9019607034048702,15.05871879644021,1.1171026683002128,0.9106954693164682
Single factor,Volatility state,LOW,,,All,ADEQUATE N,182,25.81560283687943,74,107,1,40.65934065934066,-0.058497674517201136,-0.6378176590877973,-10.646576762130607,0.8880376304250774,27.028856170458823,73,109,0,40.10989010989011,-0.10826375455778361,-0.6631593582018287,-19.704003329516617,0.8041644889830046,33.051538223053754,1.0303446892626245,0.8975964512837882
Single factor direction slice,Volatility state,LOW,,,Long,ADEQUATE N,91,12.907801418439716,40,50,1,43.956043956043956,-0.04933300635616732,-0.42131581739495116,-4.489303578411226,0.8995309426851088,13.889161477500076,39,52,0,42.857142857142854,-0.09852666766917997,-0.4407097201004336,-8.965926757895378,0.8109199040748339,16.925388095527364,0.939398798410277,0.8820198458594641
Single factor direction slice,Volatility state,LOW,,,Short,ADEQUATE N,91,12.907801418439716,34,57,0,37.362637362637365,-0.06766234267823495,-1.0,-6.157273183719381,0.8778493929242192,14.547099994113275,34,57,0,37.362637362637365,-0.11800084144638719,-1.012242882857713,-10.738076571621233,0.7981427879923687,18.434199714612898,1.1212905801149717,0.9131730567081121
Single factor,Volatility state,MID,,,All,ADEQUATE N,177,25.106382978723403,70,107,0,39.548022598870055,-0.06250767230127537,-0.46219964522587814,-11.06385799732574,0.8762917836708732,18.2644515948091,69,108,0,38.983050847457626,-0.09250171160692269,-0.48657017197415187,-16.372802954425318,0.8233316460452934,20.74564767228946,0.9266784567120364,0.8828917697350643
Single factor direction slice,Volatility state,MID,,,Long,ADEQUATE N,105,14.893617021276595,41,64,0,39.04761904761905,-0.12801908037856757,-0.4724893195420648,-13.442003439749595,0.7451405700626554,16.08320377921237,41,64,0,39.04761904761905,-0.16003196469904962,-0.49989370007550304,-16.80335629340021,0.693598200426687,18.667346467152502,0.8706914442737741,0.9287232814236699
Single factor direction slice,Volatility state,MID,,,Short,ADEQUATE N,72,10.212765957446809,29,43,0,40.27777777777778,0.03302979781144243,-0.44815660181107037,2.378145442423855,1.064813207443645,10.753907286821146,28,44,0,38.88888888888889,0.005979907485762369,-0.46920756461724333,0.43055333897489056,1.0113799319052026,11.638901791193247,1.0083261831845023,0.8160541485225146
Three-dimension structural family,Direction × Setup/BOS timing × Retest behavior,Long × Delayed BOS × Exact BOS touch,F::Long::Delayed BOS::Exact BOS touch,Long × Delayed BOS × Exact BOS touch,Long,SMALL SAMPLE,4,0.5673758865248227,3,1,0,75.0,0.5241497657792499,0.5482995315584999,2.0965990631169995,3.096599063117,1.0,2,2,0,50.0,0.4677659778030912,0.47673433792567643,1.8710639112123648,2.7779552976579738,1.0523683658846987,1.3301684191281526,0.7771783808675695
Three-dimension structural family,Direction × Setup/BOS timing × Retest behavior,Long × Delayed BOS × Penetration + same-bar reclaim,F::Long::Delayed BOS::Penetration + same-bar reclaim,Long × Delayed BOS × Penetration + same-bar reclaim,Long,SMALL SAMPLE,12,1.702127659574468,5,7,0,41.66666666666667,0.16331617838797674,-1.0,1.9597941406557209,1.2799705915222457,3.0,5,7,0,41.66666666666667,0.12752119653620808,-1.0163065083115446,1.530254358434497,1.2104449120187222,3.250398020165944,1.1490178473210533,0.885929760480458
Three-dimension structural family,Direction × Setup/BOS timing × Retest behavior,Long × Delayed BOS × Tolerance-only shallow touch,F::Long::Delayed BOS::Tolerance-only shallow touch,Long × Delayed BOS × Tolerance-only shallow touch,Long,SMALL SAMPLE,4,0.5673758865248227,2,2,0,50.0,-0.22738692909496513,-0.29254816045778526,-0.9095477163798605,0.5452261418100697,1.0,2,2,0,50.0,-0.261353726760236,-0.31136668389988453,-1.045414907040944,0.5007894023891816,1.07760813374369,0.44023196381109964,0.7392074269269406
Three-dimension structural family,Direction × Setup/BOS timing × Retest behavior,Long × Same-bar Setup+BOS × Exact BOS touch,F::Long::Same-bar Setup+BOS::Exact BOS touch,Long × Same-bar Setup+BOS × Exact BOS touch,Long,SMALL SAMPLE,12,1.702127659574468,7,5,0,58.333333333333336,0.11091971933771994,0.25078094441714666,1.3310366320526392,1.3116395848492186,1.084291644922942,7,5,0,58.333333333333336,0.06958776128734968,0.20289630370695394,0.8350531354481963,1.1876288216939457,1.3027386880652885,0.9984583090189593,0.6895510348146293
Three-dimension structural family,Direction × Setup/BOS timing × Retest behavior,Long × Same-bar Setup+BOS × Penetration + same-bar reclaim,F::Long::Same-bar Setup+BOS::Penetration + same-bar reclaim,Long × Same-bar Setup+BOS × Penetration + same-bar reclaim,Long,ADEQUATE N,222,31.48936170212766,93,128,1,41.891891891891895,-0.027671607326655762,-0.5107645514584898,-6.14309682651758,0.9437619076017433,21.578461429055267,93,129,0,41.891891891891895,-0.0589890695932279,-0.5384508455502213,-13.095573449696595,0.8844147579186667,25.738379542569113,0.9655999794845114,0.9319172064375961
Three-dimension structural family,Direction × Setup/BOS timing × Retest behavior,Long × Same-bar Setup+BOS × Penetration without same-bar reclaim,F::Long::Same-bar Setup+BOS::Penetration without same-bar reclaim,Long × Same-bar Setup+BOS × Penetration without same-bar reclaim,Long,SMALL SAMPLE,28,3.971631205673759,8,20,0,28.57142857142857,-0.3189685361050092,-1.0,-8.931119010940257,0.49304870431653136,10.30105032187275,8,20,0,28.57142857142857,-0.35433881248269733,-1.0167550063188397,-9.921486749515525,0.4622634191606823,11.234355474361388,0.8997853930390705,0.9869157961039887
Three-dimension structural family,Direction × Setup/BOS timing × Retest behavior,Long × Same-bar Setup+BOS × Tolerance-only shallow touch,F::Long::Same-bar Setup+BOS::Tolerance-only shallow touch,Long × Same-bar Setup+BOS × Tolerance-only shallow touch,Long,ADEQUATE N,80,11.347517730496454,37,43,0,46.25,-0.0760745591324536,-0.46705628325642157,-6.085964730596288,0.8494124731881622,12.63135581197572,36,44,0,45.0,-0.11049556035857784,-0.4889213236220139,-8.839644828686227,0.7901929623320415,14.441716883954843,0.8801836407843691,0.8678064121497553
Three-dimension structural family,Direction × Setup/BOS timing × Retest behavior,Short × Delayed BOS × Exact BOS touch,F::Short::Delayed BOS::Exact BOS touch,Short × Delayed BOS × Exact BOS touch,Short,SMALL SAMPLE,2,0.28368794326241137,0,2,0,0.0,-1.0,-1.0,-2.0,0.0,2.0,0,2,0,0.0,-1.0324406311348522,-1.0324406311348522,-2.0648812622697044,0.0,2.0648812622697044,0.6857935953775827,1.2099156835894482
Three-dimension structural family,Direction × Setup/BOS timing × Retest behavior,Short × Delayed BOS × Penetration + same-bar reclaim,F::Short::Delayed BOS::Penetration + same-bar reclaim,Short × Delayed BOS × Penetration + same-bar reclaim,Short,SMALL SAMPLE,14,1.9858156028368794,6,8,0,42.857142857142854,-0.09879119731073802,-1.0,-1.3830767623503322,0.8271154047062086,4.0,6,8,0,42.857142857142854,-0.1350185543044193,-1.0127668772965712,-1.8902597602618705,0.7744528818742309,4.256052999447498,0.9561224280139671,0.865059941670892
Three-dimension structural family,Direction × Setup/BOS timing × Retest behavior,Short × Delayed BOS × Penetration without same-bar reclaim,F::Short::Delayed BOS::Penetration without same-bar reclaim,Short × Delayed BOS × Penetration without same-bar reclaim,Short,SMALL SAMPLE,2,0.28368794326241137,0,2,0,0.0,-1.0,-1.0,-2.0,0.0,2.0,0,2,0,0.0,-1.029999538502536,-1.029999538502536,-2.059999077005072,0.0,2.059999077005072,0.12392504867452125,1.141796828447802
Three-dimension structural family,Direction × Setup/BOS timing × Retest behavior,Short × Delayed BOS × Tolerance-only shallow touch,F::Short::Delayed BOS::Tolerance-only shallow touch,Short × Delayed BOS × Tolerance-only shallow touch,Short,SMALL SAMPLE,3,0.425531914893617,0,3,0,0.0,-1.0,-1.0,-3.0,0.0,3.0,0,3,0,0.0,-1.0462490100226634,-1.048117303987337,-3.1387470300679903,0.0,3.1387470300679903,0.8606069995905173,1.8809732179961554
Three-dimension structural family,Direction × Setup/BOS timing × Retest behavior,Short × Same-bar Setup+BOS × Exact BOS touch,F::Short::Same-bar Setup+BOS::Exact BOS touch,Short × Same-bar Setup+BOS × Exact BOS touch,Short,SMALL SAMPLE,11,1.5602836879432624,6,5,0,54.54545454545454,0.2351059790640002,0.26679889708335774,2.586165769704002,1.6292172454327454,2.1101317366553776,6,5,0,54.54545454545454,0.17069710450233078,0.18942721692919445,1.8776681495256384,1.4155914630700202,2.4426834842941636,1.1871385688621487,0.8036025878635307
Three-dimension structural family,Direction × Setup/BOS timing × Retest behavior,Short × Same-bar Setup+BOS × Penetration + same-bar reclaim,F::Short::Same-bar Setup+BOS::Penetration + same-bar reclaim,Short × Same-bar Setup+BOS × Penetration + same-bar reclaim,Short,ADEQUATE N,195,27.659574468085108,77,118,0,39.48717948717949,-0.008102980722868821,-0.7036688618626208,-1.5800812409594203,0.9849922186500069,15.161881225661977,76,119,0,38.97435897435898,-0.03938232974546615,-0.7479868071538915,-7.679554300365899,0.9295293060095574,18.556262916319888,1.087988776358701,0.8827585449821227
Three-dimension structural family,Direction × Setup/BOS timing × Retest behavior,Short × Same-bar Setup+BOS × Penetration without same-bar reclaim,F::Short::Same-bar Setup+BOS::Penetration without same-bar reclaim,Short × Same-bar Setup+BOS × Penetration without same-bar reclaim,Short,ADEQUATE N,31,4.397163120567376,13,18,0,41.935483870967744,0.010167287212009553,-1.0,0.31518590357229614,1.0188498708334968,3.7208521669124757,13,18,0,41.935483870967744,-0.03209074317996406,-1.0074709115344598,-0.994813038578886,0.9432164459913266,3.9777520947024727,1.2539141229157544,0.8899570637131531
Three-dimension structural family,Direction × Setup/BOS timing × Retest behavior,Short × Same-bar Setup+BOS × Tolerance-only shallow touch,F::Short::Same-bar Setup+BOS::Tolerance-only shallow touch,Short × Same-bar Setup+BOS × Tolerance-only shallow touch,Short,ADEQUATE N,85,12.056737588652481,32,53,0,37.64705882352941,-0.022076312724093553,-1.0,-1.876486581547952,0.9587439413621206,13.615239292157892,30,55,0,35.294117647058826,-0.05214977888529126,-1.0069138862190574,-4.432731205249757,0.9059803396009476,14.681776929318069,1.1063619121987638,0.8794874559582067
